Occurrence,AnnualRainfall,RainfallSeasonality,TempSeasonality,MaxTemp,Isothermality,Watering,PlantMaterialOrigin,Area,Slope
0,-0.256059475,-0.056270686,0.866242705,1.425048038,-0.793809048,Irrigated,Vivero,0.024649164,-0.582271369
0,-0.464133324,-0.107861411,0.865377986,1.685683457,-0.793809048,Irrigated,Vivero,0.130969244,-1.27257296
0,-0.336350157,-0.108951214,0.856590255,1.514119275,-0.793809048,Irrigated,Vivero,3.137193874,-1.102396833
1,-1.010940536,0.033101722,0.516311737,1.623216934,-0.793809048,Irrigated,Estaca,0.555274148,-0.202278221
0,-1.010940536,0.033101722,0.516311737,1.623216934,-0.793809048,Irrigated,Estaca,0.587950502,0.111755106
1,-0.708369338,-0.118347347,0.503765908,1.56001765,-0.793809048,Irrigated,Vivero,1.176612593,-1.106829126
1,-0.748492924,-0.043721373,0.429398798,1.467162416,-0.793809048,Irrigated,Vivero,13.0278875,-0.568296145
1,-1.127334464,-0.001092706,0.284220769,1.520047833,-0.364542117,Irrigated,Vivero,0.052936158,-1.346448365
0,-0.927466471,0.085182738,0.397347727,1.59192982,1.41930283,Irrigated,Vivero,0.166571839,-0.648776685
0,-0.788811993,0.125189621,0.503696363,1.56001765,1.229446041,Irrigated,Estaca,0.920956696,-0.635509226
1,-0.788811993,0.125189621,0.503696363,1.56001765,1.229446041,Irrigated,Estaca,0.331709357,-0.371402466
1,-1.158492702,-0.029892853,0.256710225,1.56001765,0.370853833,Irrigated,Vivero,-0.205548439,-1.332773248
1,-1.03229214,0.033101722,0.333578465,1.582455619,0.229657555,Irrigated,Vivero,-0.164581069,-1.2401694
0,-1.158492702,-0.029892853,0.256710225,1.56001765,0.370853833,Irrigated,Estaca,-0.342106339,-1.561663031
0,-0.812444173,0.09674139,0.432786495,1.423471103,-0.793809048,Rainfed,Estaca,-0.166531896,0.755674663
0,-0.788811993,0.125189621,0.503696363,1.56001765,1.229446041,Irrigated,Vivero,0.158475906,-0.722371179
0,-1.147288486,0.261727268,-1.184971168,-0.5376835,1.41930283,Irrigated,Estaca,-0.33430303,1.775111042
0,-0.446996526,0.055772238,-0.766080575,-0.784513702,1.41930283,Rainfed,Estaca,-0.335278444,1.820596554
0,-0.345531745,0.113180578,-0.506514127,-0.513529128,1.41930283,Irrigated,Vivero,0.769865134,-0.444890869
0,-0.446996526,0.055772238,-0.766080575,-0.784513702,1.41930283,Rainfed,Estaca,-0.335278444,0.774382216
0,-1.443694558,0.287147765,-1.367031112,-0.454922128,1.41930283,Rainfed,Vivero,-0.243589568,0.285647605
0,-0.223367304,-0.011981896,-0.667336847,-0.977384474,1.41930283,Rainfed,Estaca,-0.341130925,2.013070916
0,-0.90677578,0.174513009,-0.979311292,-0.493054087,1.41930283,Irrigated,Estaca,-0.229933778,-0.135708293
0,-1.443694558,0.287147765,-1.367031112,-0.454922128,1.41930283,Rainfed,Vivero,-0.343081753,1.544583503
0,0.490035603,-0.188699412,-0.386509774,-1.54744876,1.41930283,Rainfed,Estaca,-0.224081297,1.045551219
0,1.964482441,-0.419957153,-0.047663937,-2.774446847,1.41930283,Rainfed,Estaca,-0.298212728,1.237202872
0,1.900128837,-0.26606013,-0.08188513,-2.744737089,1.41930283,Rainfed,Estaca,-0.287483179,1.065048229
0,1.21844135,0.852959059,0.213769569,0.415545813,-0.793809048,Rainfed,Estaca,-0.28397169,1.343650953
0,1.21844135,0.852959059,0.213769569,0.415545813,-0.793809048,Rainfed,Vivero,-0.289434006,0.83371591
0,0.3549256,1.173114681,-0.619597214,0.509833088,-0.793809048,Rainfed,Estaca,-0.335863692,0.818040851
0,0.598555357,1.021579899,-0.33475755,0.386700459,-0.793809048,Rainfed,Estaca,-0.290116796,0.286570447
0,0.843183607,0.947603908,-0.149138939,0.059645309,1.07894379,Rainfed,Estaca,0.253871354,0.592574207
0,0.843183607,0.947603908,-0.149138939,0.059645309,1.07894379,Rainfed,Estaca,-0.303089796,1.14822328
0,0.843183607,0.947603908,-0.149138939,0.059645309,1.07894379,Rainfed,Estaca,-0.149949865,0.870991217
0,0.399376284,0.948419171,-0.524382473,0.305783587,-0.793809048,Rainfed,Estaca,0.183641577,0.16774614
0,0.751774585,0.803590705,-0.259783733,0.26884501,-0.793809048,Rainfed,Estaca,-0.110933322,1.700922047
0,0.560629795,1.120265879,-0.264633827,0.367511705,-0.481260549,Irrigated,Estaca,0.572831592,0.756213775
0,0.399376284,0.948419171,-0.524382473,0.305783587,-0.793809048,Rainfed,Estaca,0.0344033,1.028824317
0,0.560629795,1.120265879,-0.264633827,0.367511705,-0.481260549,Irrigated,Estaca,-0.105080841,-0.086623211
1,0.731784355,1.085205603,-0.396977551,0.30691185,-0.793809048,Rainfed,Estaca,-0.323573481,-0.186391149
1,0.759750895,1.121551919,-0.419044774,0.109209086,-0.793809048,Rainfed,Estaca,-0.159704001,0.004742205
1,0.421804272,1.176229454,-0.493127341,0.581090446,-0.793809048,Rainfed,Vivero,0.006116306,1.516268234
0,0.560629795,1.120265879,-0.264633827,0.367511705,-0.481260549,Irrigated,Estaca,0.071469016,1.031319476
1,0.560629795,1.120265879,-0.264633827,0.367511705,-0.481260549,Irrigated,Estaca,-0.298212728,0.252857476
0,0.560629795,1.120265879,-0.264633827,0.367511705,-0.481260549,Irrigated,Estaca,-0.299188142,0.389963379
0,1.496560608,0.812611166,-0.019628483,-0.200716262,-0.793809048,Rainfed,Estaca,-0.299188142,-0.927836783
0,0.404149716,1.216641643,-0.550047656,0.385821334,-0.793809048,Rainfed,Estaca,-0.296261901,0.57958257
0,0.404149716,1.216641643,-0.550047656,0.385821334,-0.793809048,Rainfed,Estaca,-0.301138969,0.26019101
0,0.404149716,1.216641643,-0.550047656,0.385821334,-0.793809048,Rainfed,Estaca,-0.296261901,0.867746954
0,0.404149716,1.216641643,-0.550047656,0.385821334,-0.793809048,Rainfed,Estaca,-0.325524308,1.680270134
0,0.404149716,1.216641643,-0.550047656,0.385821334,-0.793809048,Rainfed,Estaca,-0.281435615,0.737485222
0,0.404149716,1.216641643,-0.550047656,0.385821334,-0.793809048,Rainfed,Estaca,-0.272851975,0.565733373
0,0.404149716,1.216641643,-0.550047656,0.385821334,-0.793809048,Rainfed,Estaca,-0.328450549,0.997666891
0,0.598555357,1.021579899,-0.33475755,0.386700459,-0.793809048,Rainfed,Estaca,0.72792235,2.149523806
1,0.230324965,0.598587684,-0.842373948,-1.016086552,1.41930283,Irrigated,Vivero,0.649889264,0.950262649
0,1.219474971,0.490207896,-0.57056778,-1.656657719,1.41930283,Rainfed,Vivero,-0.277729043,-1.59095891
0,0.875952948,0.485077619,-0.571512594,-1.431994977,1.41930283,Rainfed,Vivero,-0.323573481,0.0766024
1,1.369886814,0.707986508,-0.665828663,-1.64874358,1.41930283,Irrigated,Estaca,-0.206523852,3.191517902
0,0.988133084,0.490362426,-0.816255274,-1.653849997,1.41930283,Irrigated,Estaca,-0.172384377,1.801824717
0,0.451341566,0.718978361,-0.891809064,-1.09715737,1.41930283,Irrigated,Estaca,-0.154729392,-0.7419426
0,1.127521847,0.490493781,-0.589269601,-1.643623485,1.41930283,Rainfed,Estaca,-0.255294531,0.321083601
0,1.340877522,0.312241647,-0.567219594,-1.906081117,1.41930283,Rainfed,Vivero,0.014895029,-0.543027277
0,0.247634507,0.718978361,-0.962461937,-1.099690267,1.41930283,Rainfed,Vivero,-0.171408964,-0.985350123
0,1.023603917,0.490352815,-0.693170084,-1.519189992,1.41930283,Rainfed,Estaca,-0.320061992,-0.608302187
0,0.721974048,0.714913695,-0.618559923,-1.094849756,1.41930283,Rainfed,Vivero,-0.263683088,0.560847036
0,0.712947155,0.491026253,-0.783141295,-1.393239226,1.41930283,Rainfed,Estaca,0.011968788,-0.195639443
0,0.643469928,0.573724079,-0.772308813,-1.369848669,1.41930283,Rainfed,Vivero,-0.062162644,-0.468500817
0,0.056998,0.49663034,-0.561190122,-0.522210123,1.41930283,Rainfed,Estaca,5.439169905,-0.395216118
0,0.452343287,0.494123094,-1.043844199,-1.407391606,1.41930283,Rainfed,Vivero,-0.259196185,-0.192234464
0,0.832911072,0.935584581,-1.336887336,-1.803656228,1.41930283,Irrigated,Vivero,-0.101179187,2.063311223
0,-0.304766981,1.062307175,-1.169911332,-0.608789374,1.41930283,Rainfed,Estaca,-0.319671827,-1.413758729
0,-0.304766981,1.062307175,-1.169911332,-0.608789374,1.41930283,Rainfed,Estaca,-0.325524308,2.069968138
1,0.317238634,0.494960066,-0.64832316,-0.912887967,1.41930283,Irrigated,Vivero,0.136919266,-0.756896698
0,0.956697757,0.507397673,-0.686954198,-1.364974258,1.41930283,Rainfed,Estaca,-0.29333566,0.69491208
1,0.574461703,0.390502062,-0.667739596,-1.157921619,1.41930283,Rainfed,Vivero,-0.284556938,0.321636086
0,0.574461703,0.390502062,-0.667739596,-1.157921619,1.41930283,Rainfed,Estaca,-0.213351747,0.644290322
0,1.02013668,0.327129514,-0.492091642,-1.499161541,1.41930283,Irrigated,Estaca,0.312396168,-0.980679195
0,2.669584642,0.288186107,-0.303970095,-2.699552101,1.41930283,Rainfed,Vivero,1.090776199,0.241728167
1,0.461851329,0.385414442,-0.480966068,-1.025440553,1.41930283,Irrigated,Vivero,4.892938304,0.402122128
0,0.840082065,0.49869938,-0.662498323,-1.137385605,1.41930283,Rainfed,Vivero,0.95714454,1.754369098
0,0.574922766,0.633691845,-0.665806404,-1.13902486,1.41930283,Rainfed,Estaca,-0.058260989,0.777950432
0,0.956697757,0.507397673,-0.686954198,-1.364974258,1.41930283,Rainfed,Estaca,-0.285532352,-0.804570599
0,1.023603917,0.490352815,-0.693170084,-1.519189992,1.41930283,Rainfed,Estaca,0.030501646,0.822299534
0,1.271885913,0.490352815,-0.569381282,-1.766305319,1.41930283,Rainfed,Estaca,-0.267194577,-0.875553555
0,0.721974048,0.714913695,-0.618559923,-1.094849756,1.41930283,Rainfed,Vivero,-0.083036494,0.539946975
1,0.501185675,0.490352815,-0.806783445,-1.246519417,1.41930283,Rainfed,Vivero,-0.060211817,0.309071794
1,0.597073135,0.261727268,-0.433953828,-1.137038466,1.41930283,Irrigated,Vivero,0.019772096,0.536381165
1,1.067395185,0.261727268,-0.424833591,-1.508490223,1.41930283,Irrigated,Vivero,-0.152876106,-1.470846226
1,-1.041591289,0.053935591,-0.04932153,1.187286053,1.41930283,Irrigated,Vivero,-0.22213047,-1.387749248
0,-0.78803408,0.033101722,-0.136004643,0.525620601,1.41930283,Irrigated,Vivero,-0.08849881,-1.482732903
1,-0.925161326,0.217871824,-0.316710683,0.480871562,1.41930283,Irrigated,Vivero,-0.248466636,-1.304237671
0,-1.21782079,-0.340121179,-1.219223894,-1.325365202,1.41930283,Irrigated,Vivero,-0.329425963,0.760922617
0,-0.787960045,-0.598645218,-0.865904117,-1.582439913,1.41930283,Irrigated,Estaca,-0.340155512,2.465483369
0,-2.192304605,1.198198572,-3.375827635,-1.788883664,1.41930283,Rainfed,Estaca,-0.316745586,0.567810257
0,0.560922896,0.490352815,-0.941734404,-1.703190244,1.41930283,Irrigated,Estaca,1.099554921,-0.668915792
0,0.434899328,0.490352815,-0.735511333,-1.33643348,1.41930283,Irrigated,Estaca,-0.23578626,0.395297959
0,0.875456447,0.417132249,-0.555305358,-1.622930226,1.41930283,Rainfed,Vivero,0.748406035,0.248065421
0,0.780595641,0.485496082,-0.640699626,-1.617901562,1.41930283,Rainfed,Vivero,-0.160679415,0.877676843
0,0.257978197,0.477973912,-0.874658799,-1.294612593,1.41930283,Rainfed,Estaca,-0.284556938,0.858402492
0,0.257978197,0.477973912,-0.874658799,-1.294612593,1.41930283,Rainfed,Estaca,-0.296261901,-0.609009307
0,0.257978197,0.477973912,-0.874658799,-1.294612593,1.41930283,Rainfed,Estaca,-0.107031668,0.416944905
0,0.013800343,0.371172684,-0.958549737,-1.109311916,1.41930283,Rainfed,Estaca,0.031477059,0.969127901
0,0.013800343,0.371172684,-0.958549737,-1.109311916,1.41930283,Rainfed,Estaca,-0.295286488,-0.697446014
0,0.111835445,0.483304957,-0.646543309,-0.992838336,1.41930283,Rainfed,Estaca,-0.113859563,0.503902585
1,0.398194865,0.482254777,-0.720121432,-1.331240676,1.41930283,Irrigated,Vivero,3.402506366,0.115725872
1,-1.233669668,0.12365858,0.102321628,1.345404712,-0.793809048,Irrigated,Vivero,0.123165935,-1.086822456
0,-0.841335069,0.033101722,0.511746315,1.514705765,-0.793809048,Irrigated,Vivero,0.21192857,-0.538633393
1,-1.443926541,0.23778835,-0.019375205,1.183430995,-0.793809048,Irrigated,Estaca,-0.248466636,-0.607487651
1,-1.233669668,0.12365858,0.102321628,1.345404712,-0.793809048,Irrigated,Vivero,0.127067589,-1.103677457
0,-1.033953158,0.156529537,0.277139924,1.394675112,-0.793809048,Irrigated,Estaca,3.537113439,-1.402131856
0,-0.8321532,-0.022759963,0.341701407,1.280324163,-0.793809048,Irrigated,Estaca,2.449527305,0.108803237
0,-0.966565936,0.032167138,0.338284147,1.365007442,-0.793809048,Irrigated,Estaca,-0.271876562,-0.402772085
0,-0.966565936,0.032167138,0.338284147,1.365007442,-0.793809048,Irrigated,Estaca,1.919877736,0.207523157
0,-0.628958251,0.047339031,0.354853364,0.980286503,0.742976791,Irrigated,Vivero,1.026398903,0.555638553
0,-1.070460485,0.163971571,0.197222018,1.221488157,0.473020588,Rainfed,Vivero,-0.332352203,-1.115326321
0,-0.719344579,-0.015621175,0.32913167,1.113326332,0.366026809,Rainfed,Vivero,0.470413167,0.687708411
1,-0.780430293,0.187902503,0.334783624,1.102872385,1.112769071,Rainfed,Vivero,0.247043459,0.4046605
1,0.245892324,-0.233699026,1.284448543,1.367863826,-0.793809048,Irrigated,Vivero,-0.29333566,-0.120310547
1,0.440070385,-0.227423604,1.328054453,1.230721387,-0.793809048,Irrigated,Vivero,-0.001687002,-0.035671014
1,0.59625118,-0.30925603,1.344191374,1.003147299,-0.793809048,Rainfed,Vivero,-0.125564526,-0.652843044
0,0.322546679,-0.195523825,1.272084097,1.271241387,-0.793809048,Rainfed,Estaca,-0.300163555,-0.080313369
0,0.437925291,-0.409245046,1.280719221,1.007436571,-0.793809048,Rainfed,Estaca,-0.245540395,1.361802346
0,0.228568581,-0.138151428,1.186766453,1.346249235,-0.793809048,Rainfed,Estaca,-0.287483179,1.730505155
0,0.464810314,0.224966241,-0.377940823,-0.90165687,1.41930283,Irrigated,Estaca,7.178332305,-0.567505116
0,0.402828119,0.261727268,-0.290687088,-0.69856252,1.41930283,Irrigated,Estaca,0.787422578,-1.166345464
0,-0.734492174,0.020510507,0.611123676,1.687651996,-0.793809048,Rainfed,Estaca,-0.315770173,-1.068208571
1,-0.460052424,-0.096750431,0.659918039,1.344960784,0.279006045,Rainfed,Estaca,-0.29333566,0.246101024
0,-0.734492174,0.020510507,0.611123676,1.687651996,-0.793809048,Rainfed,Estaca,-0.296261901,-0.676207559
0,-0.734492174,0.020510507,0.611123676,1.687651996,-0.793809048,Rainfed,Estaca,-0.247491222,-1.010443549
0,0.803721042,-0.482454124,1.396346552,0.655363359,-0.793809048,Rainfed,Estaca,-0.278704457,0.847971893
0,0.511641755,-0.395226948,1.435568394,1.066287375,-1.424027635,Rainfed,Estaca,-0.280655284,-1.169217231
0,0.669953264,-0.554582328,1.483298104,0.802971725,-0.793809048,Rainfed,Vivero,-0.176676197,0.055385319
0,0.889159144,-0.652774918,1.393504219,0.473304597,-0.793809048,Rainfed,Vivero,-0.324548895,0.746067708
0,0.889159144,-0.652774918,1.393504219,0.473304597,-0.793809048,Rainfed,Estaca,-0.331864496,0.877928535
0,0.889159144,-0.652774918,1.393504219,0.473304597,-0.793809048,Rainfed,Estaca,-0.334790737,0.141403963
0,0.635649137,-0.368614129,1.415010976,0.905922579,-1.176762425,Rainfed,Estaca,-0.139220316,-0.044050915
0,-0.787720889,-0.235134519,-0.844468799,-0.963624895,1.41930283,Irrigated,Estaca,-0.335278444,2.016855231
1,-1.890115922,0.694581725,-0.812980246,0.254391569,1.41930283,Irrigated,Estaca,-0.322598068,-1.330572651
1,-1.593746547,0.490352815,-0.675919496,0.34697779,1.41930283,Irrigated,Vivero,-0.319671827,-1.596218954
1,-1.740680717,0.52052746,-0.806290816,0.287196729,1.41930283,Irrigated,Estaca,-0.251197794,-1.219609875
0,-1.740680717,0.52052746,-0.806290816,0.287196729,1.41930283,Irrigated,Estaca,-0.316745586,-1.064395853
0,-1.586408491,0.490352815,-0.628198335,0.350799213,1.41930283,Irrigated,Estaca,-0.332352203,-1.014536574
0,-1.54881326,0.561748196,-0.686431842,0.39976444,1.41930283,Irrigated,Estaca,-0.25236829,-1.023914286
1,-1.890115922,0.694581725,-0.812980246,0.254391569,1.41930283,Irrigated,Estaca,-0.298212728,-1.19924356
0,-0.977019954,0.40034034,-0.57164464,0.161550216,1.41930283,Rainfed,Estaca,-0.236761673,-0.715319202
0,-0.733841595,0.310451001,-0.439796024,0.084135193,1.41930283,Rainfed,Estaca,-0.23578626,-0.079229885
0,-0.977019954,0.40034034,-0.57164464,0.161550216,1.41930283,Rainfed,Estaca,-0.247491222,-1.215987704
0,-0.606975866,0.28205644,-0.482596555,-0.065938938,1.41930283,Rainfed,Estaca,-0.322598068,-0.703476954
0,-0.677571022,0.443838176,-0.368088025,0.132833858,1.41930283,Rainfed,Vivero,-0.301138969,-1.324470443
0,-0.678054981,0.282605702,-0.406403239,0.158204019,1.41930283,Rainfed,Vivero,-0.278704457,-1.379698536
0,-0.678054981,0.282605702,-0.406403239,0.158204019,1.41930283,Rainfed,Estaca,-0.234810846,-1.325346358
0,-0.677571022,0.443838176,-0.368088025,0.132833858,1.41930283,Rainfed,Estaca,-0.302114383,-1.606092076
0,-0.977019954,0.40034034,-0.57164464,0.161550216,1.41930283,Rainfed,Estaca,-0.301138969,-1.416857465
0,-1.33028187,0.518010359,-0.677003089,0.161550216,1.41930283,Irrigated,Estaca,-0.190917235,-0.476178092
1,-1.750080929,0.529687562,-0.847123231,0.161550216,1.41930283,Irrigated,Vivero,1.166858458,-1.240601518
1,-1.750080929,0.529687562,-0.847123231,0.161550216,1.41930283,Irrigated,Vivero,0.013919615,-1.31055229
0,-1.291147729,0.490352815,-0.558494873,0.273990433,1.41930283,Rainfed,Vivero,-0.27675363,-1.185185307
0,-1.106318679,0.490352815,-0.477254768,0.30139696,1.41930283,Rainfed,Vivero,-0.283581525,-1.606092076
0,-1.273493244,0.490352815,-0.60372438,0.300391325,1.41930283,Rainfed,Vivero,-0.03387565,-0.629738561
0,-1.099059903,0.490352815,-0.555519717,0.30139696,1.41930283,Rainfed,Estaca,-0.255294531,-0.56927891
0,-1.148819431,0.531440925,-0.710797501,0.148855859,1.41930283,Rainfed,Vivero,-0.215302575,-0.122707558
0,-1.506995563,0.496169405,-0.666490685,0.161550216,1.41930283,Irrigated,Estaca,-0.295286488,-0.332258761
0,-1.289600857,0.677539375,-0.756731643,0.102434272,1.41930283,Rainfed,Vivero,0.073419843,-1.11048392
0,-1.289600857,0.677539375,-0.756731643,0.102434272,1.41930283,Irrigated,Vivero,-0.147023624,-0.091469027
0,0.250227999,-1.357273,0.431773856,-1.494345724,-0.793809048,Irrigated,Vivero,-0.268950321,-1.192133997
0,0.062016471,-1.338651558,0.518840781,-1.109311783,-0.793809048,Irrigated,Estaca,-0.306016037,-0.019086554
0,-0.707666829,-0.069213196,0.705661362,1.714542202,-0.793809048,Rainfed,Estaca,-0.216277988,0.012560082
0,0.586674078,-0.229802764,1.29722985,1.073863429,-0.793809048,Rainfed,Estaca,0.988357774,0.335896781
0,0.586674078,-0.229802764,1.29722985,1.073863429,-0.793809048,Rainfed,Estaca,0.045132849,1.042791136
1,0.627864691,-0.424149371,1.293629823,0.958199208,-0.793809048,Rainfed,Vivero,1.69163096,-0.225328872
1,0.236123494,-0.123042505,1.0021255,1.098089422,-0.793809048,Irrigated,Estaca,-0.333327617,0.123145116
0,-0.162282866,-0.109991389,0.99261344,1.488638659,-0.793809048,Rainfed,Estaca,-0.233835432,0.48883056
1,0.210718444,-0.060305423,1.121734823,1.334267479,-0.793809048,Rainfed,Estaca,-0.332742369,-0.404241742
0,0.210718444,-0.060305423,1.121734823,1.334267479,-0.793809048,Rainfed,Estaca,-0.300163555,0.020560352
0,0.805545423,-0.239214463,1.2641487,0.628043637,-0.793809048,Rainfed,Estaca,-0.216277988,-0.301650169
0,0.286642186,-0.117232306,1.100298517,1.104367619,-0.793809048,Rainfed,Estaca,-0.062162644,-0.830459812
0,0.286642186,-0.117232306,1.100298517,1.104367619,-0.793809048,Rainfed,Estaca,-0.340155512,0.060967437
0,0.236123494,-0.123042505,1.0021255,1.098089422,-0.793809048,Irrigated,Estaca,-0.342106339,-0.149491209
1,0.058590889,-0.195523825,0.932114114,1.151839196,-0.793809048,Rainfed,Estaca,-0.220179642,-0.161755592
0,0.260055448,-0.174596712,1.123277998,1.244882392,-0.793809048,Rainfed,Estaca,0.055862399,1.432070013
0,0.732840907,-0.364484851,1.25244673,0.632641024,-0.793809048,Rainfed,Vivero,-0.275778216,-1.111325677
0,1.003910756,-0.534068647,1.278791179,0.251736256,-0.793809048,Rainfed,Vivero,-0.141171143,-0.905734186
0,1.003910756,-0.534068647,1.278791179,0.251736256,-0.793809048,Rainfed,Vivero,-0.29040942,-0.010116617
0,0.620772676,-0.24410606,1.203834055,0.793448924,-0.793809048,Rainfed,Vivero,-0.2387125,-0.707768056
0,0.440070385,-0.227423604,1.328054453,1.230721387,-0.793809048,Rainfed,Vivero,-0.307966864,-0.266576769
0,0.440070385,-0.227423604,1.328054453,1.230721387,-0.793809048,Rainfed,Vivero,-0.306016037,-0.45662134
0,0.440070385,-0.227423604,1.328054453,1.230721387,-0.793809048,Rainfed,Vivero,-0.303089796,1.010204066
0,0.440070385,-0.227423604,1.328054453,1.230721387,-0.793809048,Rainfed,Vivero,-0.309917691,0.774867879
0,0.732840907,-0.364484851,1.25244673,0.632641024,-0.793809048,Rainfed,Vivero,-0.302114383,-0.900914245
0,0.210718444,-0.060305423,1.121734823,1.334267479,-0.793809048,Rainfed,Vivero,-0.308942278,0.227506224
0,0.805545423,-0.239214463,1.2641487,0.628043637,-0.793809048,Rainfed,Vivero,-0.212376334,-0.291258596
0,0.210718444,-0.060305423,1.121734823,1.334267479,-0.793809048,Rainfed,Vivero,-0.333327617,-0.353631802
0,0.276682108,-0.271243643,1.153695251,1.311306629,-0.793809048,Rainfed,Estaca,-0.311868518,-0.123297939
0,0.260055448,-0.174596712,1.123277998,1.244882392,-0.793809048,Rainfed,Estaca,-0.198720544,1.462689992
0,0.260055448,-0.174596712,1.123277998,1.244882392,-0.793809048,Rainfed,Estaca,-0.285532352,1.466701908
0,0.260055448,-0.174596712,1.123277998,1.244882392,-0.793809048,Rainfed,Estaca,-0.240663327,1.276762585
0,0.008085432,-0.105405391,1.044646525,1.509581655,-0.793809048,Rainfed,Estaca,-0.291384833,2.311647408
0,0.260055448,-0.174596712,1.123277998,1.244882392,-0.793809048,Rainfed,Estaca,-0.219204229,1.442983254
0,1.271119243,-0.632949261,1.383358815,0.095995989,-0.793809048,Rainfed,Estaca,-0.245540395,0.626580146
1,-0.976326562,-1.867329977,0.326028828,-0.397836757,-0.793809048,Irrigated,Vivero,-0.195696762,-1.510060971
0,-1.146906998,-1.795902651,0.174710565,-0.206113685,-0.793809048,Irrigated,Estaca,-0.254319117,-0.806076962
0,-1.237299807,-1.488106836,0.231053375,0.018827866,-0.793809048,Irrigated,Estaca,-0.300163555,0.273235392
0,-1.060004338,-1.795902651,0.32522311,-0.330890657,-0.793809048,Irrigated,Estaca,-0.344837497,-0.936619321
0,-1.171837085,-1.795902651,0.167418192,-0.361833789,-0.793809048,Irrigated,Estaca,-0.34074076,-0.685846747
0,-0.961569565,-1.878613308,0.429531836,-0.316878403,-0.793809048,Irrigated,Estaca,-0.308942278,-1.081393202
0,-1.237299807,-1.488106836,0.231053375,0.018827866,-0.793809048,Irrigated,Estaca,-0.284361855,-1.600538445
1,-1.176033226,-1.767105539,0.247450272,-0.369764569,-0.793809048,Irrigated,Vivero,0.188518644,-0.815846163
1,-1.176033226,-1.767105539,0.247450272,-0.369764569,-0.793809048,Irrigated,Vivero,8.716559509,0.855739637
1,-0.961569565,-1.878613308,0.429531836,-0.316878403,-0.793809048,Irrigated,Estaca,-0.274802802,-1.099459629
0,-1.378705816,-1.709625488,-0.014488415,-0.292744564,-0.793809048,Rainfed,Vivero,-0.212181251,-0.671781754
0,-1.002024298,-1.941460824,0.380059508,-0.316723155,-0.793809048,Irrigated,Estaca,-0.332352203,-1.103594791
1,-1.573393443,-2.437640899,-0.514754133,-1.263915995,-0.366546217,Irrigated,Estaca,-0.328450549,0.144597846
0,-1.661013599,-2.356267197,-0.522851741,-1.193612725,-0.264147972,Irrigated,Vivero,-0.326499722,-0.179575149
0,-1.521554108,-2.48177929,-0.551503421,-1.510123909,-0.709754255,Irrigated,Vivero,-0.342106339,-1.345727962
0,-1.416633391,-2.583819827,-0.454406076,-1.516610704,0.245572444,Irrigated,Estaca,-0.275778216,0.085951287
0,-1.416633391,-2.583819827,-0.454406076,-1.516610704,0.245572444,Irrigated,Estaca,-0.34503258,-1.053069722
0,-1.452620208,-2.491746491,-0.458727514,-1.511649739,0.42640903,Rainfed,Estaca,0.013919615,-1.139496298
0,-1.452620208,-2.491746491,-0.458727514,-1.511649739,0.42640903,Rainfed,Vivero,-0.202622198,0.178472138
0,-1.504215585,-2.48177929,-0.555534213,-1.516610704,0.184636759,Irrigated,Vivero,-0.344057166,-1.510248697
0,-1.573393443,-2.437640899,-0.514754133,-1.263915995,-0.366546217,Irrigated,Estaca,-0.168482723,-0.662601326
0,-1.24355358,-2.575111766,-0.40523606,-1.781547118,1.41930283,Irrigated,Vivero,-0.325524308,-0.735516463
0,-1.24355358,-2.575111766,-0.40523606,-1.781547118,1.41930283,Irrigated,Vivero,-0.32064724,-0.926439116
0,-1.573393443,-2.437640899,-0.514754133,-1.263915995,-0.366546217,Irrigated,Estaca,-0.328450549,-0.500653002
0,-1.573393443,-2.437640899,-0.514754133,-1.263915995,-0.366546217,Irrigated,Estaca,-0.300163555,-1.366073719
0,-1.167262371,-2.710404837,-0.265088608,-1.79630419,1.163571658,Irrigated,Vivero,-0.348934234,-0.593958356
0,-1.167262371,-2.710404837,-0.265088608,-1.79630419,1.163571658,Irrigated,Vivero,-0.34795882,-0.231508027
0,-1.237587225,-2.794802943,-0.285917842,-1.701258101,1.41930283,Irrigated,Vivero,-0.341130925,-1.480450646
0,-1.167262371,-2.710404837,-0.265088608,-1.79630419,1.163571658,Rainfed,Vivero,-0.314794759,-0.88094773
0,-1.532752265,-2.384332325,-0.512793696,-1.329648932,0.149484645,Irrigated,Estaca,-0.349909648,-1.606092076
0,-1.573393443,-2.437640899,-0.514754133,-1.263915995,-0.366546217,Irrigated,Vivero,-0.321622654,0.029828317
1,-1.504215585,-2.48177929,-0.555534213,-1.516610704,0.184636759,Irrigated,Vivero,-0.338204685,-1.423154272
0,-1.549498418,-2.48177929,-0.529954317,-1.384828729,-0.66618194,Irrigated,Estaca,-0.339180098,-0.409230922
1,-1.425536642,-2.642154414,-0.531475301,-1.614709709,1.117852989,Irrigated,Vivero,-0.340155512,-1.386991244
0,-1.573393443,-2.437640899,-0.514754133,-1.263915995,-0.366546217,Irrigated,Estaca,-0.323573481,-1.258606237
0,-1.237587225,-2.794802943,-0.285917842,-1.701258101,1.41930283,Irrigated,Estaca,-0.344057166,-0.639372025
1,-1.661013599,-2.356267197,-0.522851741,-1.193612725,-0.264147972,Irrigated,Estaca,-0.307966864,0.378372209
1,-1.661013599,-2.356267197,-0.522851741,-1.193612725,-0.264147972,Irrigated,Estaca,-0.34795882,0.279399501
1,-1.661013599,-2.356267197,-0.522851741,-1.193612725,-0.264147972,Irrigated,Vivero,-0.209450093,-0.196283955
0,-1.163797355,-2.504151206,-0.360398681,-1.906363466,1.41930283,Irrigated,Estaca,-0.344057166,-0.745355185
0,-1.163797355,-2.504151206,-0.360398681,-1.906363466,1.41930283,Irrigated,Estaca,-0.349909648,0.241022375
0,-1.163797355,-2.504151206,-0.360398681,-1.906363466,1.41930283,Irrigated,Estaca,-0.346007993,-0.211926391
0,-1.24355358,-2.575111766,-0.40523606,-1.781547118,1.41930283,Irrigated,Estaca,-0.337229271,-0.014974996
0,-1.167262371,-2.710404837,-0.265088608,-1.79630419,1.163571658,Rainfed,Estaca,-0.344057166,-0.96835806
0,-1.237587225,-2.794802943,-0.285917842,-1.701258101,1.41930283,Irrigated,Estaca,-0.34795882,-0.896390093
0,-1.167262371,-2.710404837,-0.265088608,-1.79630419,1.163571658,Rainfed,Estaca,-0.051433094,-1.424802556
0,-1.167262371,-2.710404837,-0.265088608,-1.79630419,1.163571658,Rainfed,Estaca,-0.342106339,-0.982448814
0,-1.167262371,-2.710404837,-0.265088608,-1.79630419,1.163571658,Rainfed,Estaca,-0.283581525,-1.450711765
0,-1.222452312,-2.710404837,-0.348035261,-1.745166683,0.610038179,Irrigated,Estaca,-0.189941822,-1.383870559
0,-1.237587225,-2.794802943,-0.285917842,-1.701258101,1.41930283,Irrigated,Estaca,-0.326499722,0.23987174
1,-1.532752265,-2.384332325,-0.512793696,-1.329648932,0.149484645,Irrigated,Estaca,-0.346007993,-0.387626522
0,-1.24388113,-2.710404837,-0.406023257,-1.881910161,1.41930283,Irrigated,Estaca,-0.34795882,-1.085122016
0,-1.24388113,-2.710404837,-0.406023257,-1.881910161,1.41930283,Irrigated,Estaca,-0.297237315,-0.408519069
0,-1.601438945,-2.48177929,-0.570410582,-1.441063111,0.173476303,Irrigated,Estaca,-0.346983407,-1.226544483
0,-1.532752265,-2.384332325,-0.512793696,-1.329648932,0.149484645,Irrigated,Estaca,-0.338204685,-0.357767389
0,-1.521554108,-2.48177929,-0.551503421,-1.510123909,-0.709754255,Irrigated,Estaca,-0.317721,-1.335548131
0,-1.521554108,-2.48177929,-0.551503421,-1.510123909,-0.709754255,Irrigated,Estaca,-0.344057166,-0.930370745
0,-1.661013599,-2.356267197,-0.522851741,-1.193612725,-0.264147972,Irrigated,Estaca,-0.321622654,1.329202467
0,-1.710609899,-2.253153744,-0.528686812,-1.19268562,0.719326054,Irrigated,Estaca,-0.344057166,-0.707278679
0,-1.710609899,-2.253153744,-0.528686812,-1.19268562,0.719326054,Irrigated,Estaca,-0.337229271,-0.350028305
0,-1.661013599,-2.356267197,-0.522851741,-1.193612725,-0.264147972,Irrigated,Estaca,-0.326499722,0.639333005
0,-1.661013599,-2.356267197,-0.522851741,-1.193612725,-0.264147972,Irrigated,Estaca,-0.283581525,-0.533225321
0,-1.710609899,-2.253153744,-0.528686812,-1.19268562,0.719326054,Irrigated,Estaca,-0.336253858,0.053219275
0,-1.710609899,-2.253153744,-0.528686812,-1.19268562,0.719326054,Irrigated,Estaca,-0.339180098,-0.801015343
0,-1.661013599,-2.356267197,-0.522851741,-1.193612725,-0.264147972,Irrigated,Estaca,-0.244564982,1.776273137
0,-1.167262371,-2.710404837,-0.265088608,-1.79630419,1.163571658,Rainfed,Estaca,-0.335278444,-1.270025085
1,-0.73012211,-0.004650586,0.715718917,1.714161448,-0.793809048,Irrigated,Estaca,-0.336253858,-0.65070167
1,-0.053045423,-0.29021624,0.929770713,1.018769909,-0.793809048,Irrigated,Vivero,-0.025096928,1.259857265
0,-0.694993867,-0.034730689,0.753486262,1.699487668,-0.793809048,Irrigated,Estaca,-0.316745586,-0.892970969
1,-0.309402638,-0.190254173,0.912703494,1.364057063,-0.793809048,Rainfed,Vivero,-0.145072797,-0.103058825
1,-0.731173747,-0.005202438,0.74689519,1.733455324,-0.793809048,Irrigated,Vivero,-0.343081753,-0.573457456
1,0.23951125,-0.327968369,1.006915343,0.659794725,-0.793809048,Irrigated,Estaca,-0.152876106,-0.596942391
0,-0.127460695,-0.195523825,0.971979951,1.332536074,-0.793809048,Rainfed,Estaca,-0.306016037,0.051870747
0,-0.728562281,-0.057041703,0.702752411,1.729432434,-0.793809048,Rainfed,Vivero,0.019772096,0.862906072
0,-0.441027432,-0.195523825,0.860916145,1.56001765,-0.793809048,Irrigated,Estaca,-0.126539939,-0.27701819
0,-0.441027432,-0.195523825,0.860916145,1.56001765,-0.793809048,Rainfed,Estaca,-0.142146557,1.28728629
0,-0.276080871,-0.195523825,0.880190592,1.391558614,-0.793809048,Rainfed,Estaca,-0.049482267,0.570906041
0,-0.389385633,-0.19023174,0.989696832,1.564136942,-0.793809048,Rainfed,Estaca,-0.162630242,1.441298637
0,-0.276080871,-0.195523825,0.880190592,1.391558614,-0.793809048,Irrigated,Estaca,-0.292360247,0.493071033
1,0.393979988,-0.424149371,1.019519305,0.432119996,-0.793809048,Irrigated,Estaca,-0.085572569,-0.580697038
0,0.23951125,-0.327968369,1.006915343,0.659794725,-0.793809048,Irrigated,Estaca,-0.066064298,-0.239032458
0,0.621593437,-1.19083161,0.846391688,-0.894453457,-0.793809048,Irrigated,Estaca,-0.30406521,-0.573817294
0,0.621593437,-1.19083161,0.846391688,-0.894453457,-0.793809048,Irrigated,Estaca,-0.30406521,-0.598875678
0,0.913575367,-1.406593553,0.88580644,-1.221747706,-0.136125603,Rainfed,Estaca,-0.144097384,-0.733839545
0,0.621593437,-1.19083161,0.846391688,-0.894453457,-0.793809048,Irrigated,Estaca,-0.22213047,-1.199607667
0,-2.301325488,0.626291637,-2.554890461,-1.00930415,1.41930283,Irrigated,Estaca,-0.323573481,0.136530107
0,-2.301325488,0.626291637,-2.554890461,-1.00930415,1.41930283,Irrigated,Estaca,-0.345617828,0.353917636
0,-1.903350927,0.387709142,-1.996112579,-0.894438168,1.41930283,Rainfed,Estaca,-0.30982015,1.358748242
0,-1.156995582,0.327179705,-1.188384715,-0.517213892,1.41930283,Irrigated,Estaca,-0.281630697,0.186575971
0,-1.709248636,0.370836271,-1.708645112,-0.551627673,1.41930283,Irrigated,Estaca,-0.309917691,2.055885002
0,-0.23115552,0.173707585,-0.295147125,-0.228159831,1.41930283,Irrigated,Estaca,2.514880015,-0.936731732
0,-0.622494149,0.083928433,-0.376252216,0.052793394,1.41930283,Rainfed,Estaca,0.308494514,-1.418184444
0,-0.354189804,0.177735334,-0.288232481,-0.086676702,1.41930283,Rainfed,Vivero,0.169985787,-1.120147354
0,-0.352301467,0.256925246,-0.338993096,-0.082768908,1.41930283,Rainfed,Vivero,-0.103130014,-0.989180047
0,-0.354189804,0.177735334,-0.288232481,-0.086676702,1.41930283,Irrigated,Vivero,0.060739466,-1.213089846
0,-0.081317026,0.073266242,-0.279905232,-0.369054998,1.41930283,Irrigated,Estaca,0.520159259,-1.091075862
1,-0.072420115,0.067518678,-0.260621577,-0.368225469,1.41930283,Irrigated,Vivero,0.299715792,-1.239865444
1,-0.635558046,-0.160226978,0.021651915,0.588614683,1.41930283,Irrigated,Vivero,-0.053383922,-1.500517513
1,-1.165351333,0.112045391,0.157824667,1.776733449,1.41930283,Irrigated,Vivero,-0.350885061,-1.517233986
1,0.466835875,-0.80206844,1.234736265,0.489435343,-0.793809048,Rainfed,Vivero,10.04312197,0.236544993
1,0.611414171,-1.017847588,1.340368876,0.088742477,-0.793809048,Rainfed,Vivero,-0.093863585,-0.804493116
1,0.89613322,-1.162153944,1.393384495,-0.392278629,-0.793809048,Rainfed,Estaca,0.547470839,-0.854013534
0,0.880390205,-1.013681602,1.444970982,-0.043661956,-0.793809048,Rainfed,Estaca,0.637208888,-0.126392805
0,0.668675899,-0.859036358,1.303966251,0.216927134,-0.793809048,Rainfed,Estaca,1.377547789,-0.69572603
0,0.691115747,-0.774422592,1.336568588,0.153042275,-0.793809048,Rainfed,Estaca,4.29110813,-0.712879739
0,-1.658721606,0.486202276,-1.876334608,-1.056985107,1.41930283,Irrigated,Vivero,-0.21140092,1.322448945
1,-1.658721606,0.486202276,-1.876334608,-1.056985107,1.41930283,Irrigated,Vivero,-0.311575894,-0.418084003
0,-1.658721606,0.486202276,-1.876334608,-1.056985107,1.41930283,Irrigated,Vivero,-0.32064724,-0.999549374
0,-1.658721606,0.486202276,-1.876334608,-1.056985107,1.41930283,Irrigated,Vivero,-0.277729043,-0.320342373
0,-0.765775301,-0.078909698,0.545132877,1.51767803,0.594971485,Rainfed,Estaca,-0.201646785,0.653704701
0,-0.765775301,-0.078909698,0.545132877,1.51767803,0.594971485,Rainfed,Estaca,-0.294311074,0.248795522
0,-0.051832489,-0.303316152,0.711455215,0.797941106,-0.15483865,Rainfed,Estaca,-0.343959625,1.22244842
0,-0.308409482,-0.195523825,0.655291805,1.10314653,-0.793809048,Rainfed,Estaca,-0.346007993,0.279389043
0,-0.308409482,-0.195523825,0.655291805,1.10314653,-0.793809048,Rainfed,Vivero,0.642085956,-0.272221907
0,-0.765775301,-0.078909698,0.545132877,1.51767803,0.594971485,Rainfed,Estaca,-0.333327617,-0.038475305
0,0.279753675,-3.450120769,0.722072859,-2.68816622,1.41930283,Irrigated,Vivero,-0.234128057,0.094799431
0,-0.063631161,-3.396281476,0.628488149,-2.324474001,1.41930283,Irrigated,Vivero,1.894516983,-1.000162897
0,0.279753675,-3.450120769,0.722072859,-2.68816622,1.41930283,Irrigated,Vivero,-0.053383922,-0.951328761
0,0.473701653,-3.533065332,0.742639263,-2.929895208,1.41930283,Irrigated,Vivero,-0.174335205,-0.824929545
0,1.10144088,-3.73656489,0.891666895,-3.608973864,1.172782686,Irrigated,Vivero,-0.333327617,-0.155096592
0,0.473701653,-3.533065332,0.742639263,-2.929895208,1.41930283,Irrigated,Vivero,0.410912939,-0.878731432
0,0.473701653,-3.533065332,0.742639263,-2.929895208,1.41930283,Irrigated,Vivero,-0.077769261,-0.709790148
0,0.279753675,-3.450120769,0.722072859,-2.68816622,1.41930283,Irrigated,Vivero,0.210953157,-0.755531149
0,-0.449608945,1.245009411,-1.445990706,-0.127148586,-0.651297535,Rainfed,Estaca,-0.287483179,-1.524883243
0,-0.449608945,1.245009411,-1.445990706,-0.127148586,-0.651297535,Rainfed,Estaca,-0.191892649,-1.508030472
0,-0.717097665,1.176229454,-1.259475128,-0.118074313,-0.790784877,Rainfed,Estaca,-0.301138969,0.698659415
0,-0.748872719,0.947603908,-1.102448492,0.147973317,-0.793809048,Irrigated,Estaca,-0.164873693,-0.993830949
0,-0.705120231,1.176229454,-1.257817169,-0.11686296,-0.778590003,Rainfed,Estaca,-0.248466636,0.008894647
0,-0.717097665,1.176229454,-1.259475128,-0.118074313,-0.790784877,Rainfed,Estaca,-0.25236829,0.345356918
1,-0.990673779,0.451021072,-0.336064585,0.600448803,-0.793809048,Irrigated,Vivero,0.881062281,-1.321981995
0,-0.336940231,0.125205614,0.22679798,0.786766529,-0.793809048,Rainfed,Estaca,0.057813226,1.118345959
0,-1.253065166,0.490352815,-0.438179829,0.608785666,0.981018614,Rainfed,Estaca,-0.275778216,-0.630798137
0,-0.867456151,0.415018182,-0.089964104,0.730671021,-0.793809048,Rainfed,Vivero,-0.118736631,0.181363119
0,-1.084861605,0.443273958,-0.191299935,0.776136593,-0.793809048,Rainfed,Vivero,0.40310963,-0.283262452
0,-0.620451032,0.515001659,-0.337959032,0.56746592,-0.793809048,Rainfed,Estaca,-0.324548895,-1.159342751
0,-0.328944534,0.614826313,-0.230877329,0.387886468,-0.793809048,Rainfed,Estaca,-0.176286032,-0.335190044
0,0.99515783,-0.081990077,0.74580885,0.038934194,-0.793809048,Rainfed,Estaca,-0.015342792,1.127099721
0,0.653295982,-0.011643505,0.683066284,0.33221214,-0.793809048,Irrigated,Estaca,0.25289594,0.01090448
0,-0.525026589,0.080110076,0.245823564,0.889538223,-0.259934082,Rainfed,Estaca,-0.30406521,-0.944815253
0,-0.525026589,0.080110076,0.245823564,0.889538223,-0.259934082,Rainfed,Estaca,-0.327475135,0.202936965
1,1.728728577,-0.187191465,0.997052666,-0.632652216,-0.793809048,Rainfed,Vivero,0.125116762,0.21852323
0,1.728728577,-0.187191465,0.997052666,-0.632652216,-0.793809048,Rainfed,Vivero,0.127067589,-0.126445826
1,0.558043819,0.028207488,0.768880999,0.705662976,-0.793809048,Rainfed,Estaca,-0.083621742,0.455002357
0,-0.867456151,0.415018182,-0.089964104,0.730671021,-0.793809048,Rainfed,Estaca,-0.327475135,-0.583490685
0,-0.867456151,0.415018182,-0.089964104,0.730671021,-0.793809048,Rainfed,Vivero,-0.169458137,-0.244452631
0,-0.347268117,0.229031336,0.403278804,1.006059578,-0.793809048,Rainfed,Estaca,-0.324548895,-1.189379268
0,-0.525026589,0.080110076,0.245823564,0.889538223,-0.259934082,Rainfed,Estaca,-0.2387125,1.252113582
0,0.960651668,0.030929093,0.885395112,0.227850383,-0.793809048,Rainfed,Estaca,-0.29040942,0.64725983
0,0.472776903,0.19262471,0.618946306,0.496552495,-0.793809048,Rainfed,Estaca,-0.26309784,0.698793493
0,0.957983692,-0.000416249,0.841296495,0.231691085,-0.793809048,Rainfed,Estaca,-0.202622198,0.118454281
0,-0.616507482,0.275209684,0.09966324,0.808353036,0.03592383,Irrigated,Estaca,-0.294311074,0.263016241
0,0.537440139,0.189918796,0.606377579,0.474640367,-0.793809048,Rainfed,Estaca,0.113411799,-0.095242186
0,-0.477141182,0.230870293,0.181955559,0.854756761,-0.793809048,Rainfed,Estaca,-0.316745586,-1.033141717
0,-0.619539142,0.347831854,0.134166232,0.860783933,-0.793809048,Rainfed,Estaca,0.064641121,0.569796606
0,-0.411310909,0.256582377,0.166687109,0.818452762,-0.793809048,Rainfed,Estaca,-0.179212272,-0.250420677
0,-0.553385727,0.261727268,0.025537722,0.741859448,-0.793809048,Rainfed,Estaca,-0.165556482,-1.27775053
0,-0.495417902,0.079774521,0.343029953,1.021402118,-0.793809048,Rainfed,Estaca,-0.246515809,0.309423378
0,-0.616507482,0.275209684,0.09966324,0.808353036,0.03592383,Irrigated,Estaca,-0.305040623,0.047367599
0,-0.411310909,0.256582377,0.166687109,0.818452762,-0.793809048,Rainfed,Estaca,-0.272851975,-0.947440105
0,0.147534507,0.095376914,0.608336874,0.806777651,-0.793809048,Rainfed,Estaca,0.786447164,0.553790705
0,-0.411310909,0.256582377,0.166687109,0.818452762,-0.793809048,Rainfed,Vivero,-0.19481889,-0.45692326
0,0.200591226,0.045146635,0.64082593,0.812509324,-0.793809048,Rainfed,Estaca,-0.284556938,-0.26646724
0,0.368881178,-0.146179769,0.797512137,0.775992831,-0.793809048,Rainfed,Estaca,-0.2387125,0.279144561
0,-2.095547744,0.939196671,-3.130386268,-1.729155121,1.41930283,Rainfed,Estaca,-0.27675363,1.421445048
0,-0.147901663,-0.424149371,1.051276669,1.270162629,-0.793809048,Rainfed,Estaca,-0.292360247,-1.024819922
0,-0.538419943,-0.254650794,0.842467624,1.648860684,-0.793809048,Rainfed,Vivero,0.278354234,0.141151292
1,0.240178835,-0.424149371,1.275665061,1.105874419,-0.793809048,Rainfed,Vivero,-0.022170687,0.332046907
0,0.240178835,-0.424149371,1.275665061,1.105874419,-0.793809048,Rainfed,Estaca,0.522110086,-0.155196839
1,0.331895383,-0.531622995,1.262598997,0.881095009,-0.793809048,Rainfed,Estaca,-0.237737087,-0.013848386
0,-0.418535255,-0.269352861,0.870576191,1.510491086,-0.793809048,Rainfed,Vivero,-0.207011559,-0.09004232
1,-0.47689956,-0.3105744,0.858929112,1.560920254,-0.793809048,Rainfed,Estaca,-0.226032124,-0.892008745
1,-0.298921001,-0.25242357,1.022160267,1.482890573,-0.793809048,Irrigated,Vivero,-0.341911256,2.587735585
1,-0.516046344,-0.271610534,0.886843573,1.606782245,-0.793809048,Irrigated,Vivero,0.142674207,0.724986608
1,-0.499184672,-0.399833551,0.789501355,1.5872743,-0.793809048,Irrigated,Vivero,-0.173359791,0.050686484
1,-0.650093702,-0.263346563,0.76326684,1.681804983,-0.793809048,Irrigated,Vivero,-0.049482267,-0.515969063
0,-0.043993337,-0.542489537,1.103204412,1.027703287,-0.793809048,Irrigated,Estaca,-0.311868518,-0.287386437
0,-0.245883199,-0.436991395,0.962953505,1.272468894,-0.793809048,Rainfed,Estaca,-0.091229968,-1.239741733
0,-0.261552931,-0.30480122,1.064939428,1.446360963,-0.793809048,Rainfed,Estaca,-0.277729043,-0.948134814
0,-0.32316063,-0.331081347,1.015768045,1.484928307,-0.793809048,Rainfed,Estaca,-0.323573481,-0.627739154
0,-0.250521075,-0.223376943,1.059346649,1.481812464,-0.793809048,Irrigated,Vivero,-0.261147012,-1.353373217
0,-0.147901663,-0.424149371,1.051276669,1.270162629,-0.793809048,Irrigated,Estaca,-0.346007993,-0.50982609
0,-0.32316063,-0.331081347,1.015768045,1.484928307,-0.793809048,Irrigated,Vivero,-0.246515809,-1.606092076
0,-0.250521075,-0.223376943,1.059346649,1.481812464,-0.793809048,Irrigated,Vivero,-0.258220772,-1.329567244
0,-0.29162696,-0.239857604,0.992445536,1.497693989,-0.793809048,Rainfed,Vivero,-0.22213047,-1.264917141
0,-0.29162696,-0.239857604,0.992445536,1.497693989,-0.793809048,Rainfed,Estaca,-0.256269945,-1.18127891
0,0.024188865,-0.424149371,1.113650132,1.283937596,-0.793809048,Rainfed,Estaca,-0.14312197,-0.11761798
0,-0.203110065,-0.353669748,1.042951238,1.420170906,-0.793809048,Rainfed,Estaca,0.248994286,-1.222088762
0,-0.092145107,-0.424149371,1.138877977,1.391958795,-0.793809048,Rainfed,Estaca,-0.182138513,-0.10035488
0,0.795803947,-0.470488338,1.40223023,0.642296607,-0.793809048,Rainfed,Vivero,-0.247491222,-0.035599083
0,0.795803947,-0.470488338,1.40223023,0.642296607,-0.793809048,Rainfed,Vivero,-0.157753174,1.60669621
0,0.586083695,-0.740567179,1.09612203,0.035768633,-0.793809048,Rainfed,Vivero,0.173887441,-0.466860078
0,0.711567586,-0.645367141,1.439036006,0.549786956,-0.793809048,Rainfed,Vivero,-0.084597156,0.346028685
0,-0.274285912,-0.263581177,1.021644451,1.49826798,-0.793809048,Rainfed,Estaca,-0.258220772,-1.606092076
0,-0.29162696,-0.239857604,0.992445536,1.497693989,-0.793809048,Rainfed,Estaca,-0.302114383,-0.98604828
0,-0.061603913,-0.295878413,1.065804292,1.297400179,-0.793809048,Rainfed,Estaca,0.101706836,-1.036034945
0,-0.274285912,-0.263581177,1.021644451,1.49826798,-0.793809048,Rainfed,Vivero,-0.253343704,-1.387647284
0,-0.274285912,-0.263581177,1.021644451,1.49826798,-0.793809048,Rainfed,Estaca,-0.266999494,-1.374467889
0,0.359009657,-0.530720805,1.281224849,0.916526158,-0.793809048,Rainfed,Estaca,-0.342789128,-0.765055686
1,-0.47689956,-0.3105744,0.858929112,1.560920254,-0.793809048,Irrigated,Vivero,-0.173359791,-0.905997387
0,-0.387354797,-0.195523825,0.942950686,1.525779984,-0.793809048,Rainfed,Estaca,-0.187990995,-0.551274753
0,-0.387354797,-0.195523825,0.942950686,1.525779984,-0.793809048,Rainfed,Estaca,-0.080695502,-1.16362635
0,-0.387354797,-0.195523825,0.942950686,1.525779984,-0.793809048,Rainfed,Estaca,-0.071916779,-0.074772989
0,-0.14645216,-0.381734885,1.032180303,1.378884018,-0.793809048,Rainfed,Estaca,0.076346084,-1.027849506
0,-0.14645216,-0.381734885,1.032180303,1.378884018,-0.793809048,Rainfed,Estaca,-0.289434006,-1.13648221
0,-0.203110065,-0.353669748,1.042951238,1.420170906,-0.793809048,Rainfed,Estaca,-0.149949865,-1.284063207
0,-0.09839499,-0.424149371,1.045667394,1.184813963,-0.793809048,Rainfed,Estaca,-0.295286488,-0.927355329
0,-0.09839499,-0.424149371,1.045667394,1.184813963,-0.793809048,Rainfed,Estaca,-0.169458137,-0.671327104
0,-0.147901663,-0.424149371,1.051276669,1.270162629,-0.793809048,Rainfed,Estaca,-0.344935038,-1.312691512
0,-0.387354797,-0.195523825,0.942950686,1.525779984,-0.793809048,Rainfed,Vivero,-0.270901148,-0.618270684
0,0.161613081,-0.461374526,1.172167261,1.107096776,-0.793809048,Rainfed,Estaca,-0.158728587,-0.533588303
0,0.099062178,-0.424149371,1.12208617,1.168051225,-0.793809048,Rainfed,Estaca,-0.178724566,-0.507074253
0,0.035552818,-0.424149371,1.18210769,1.277844031,-0.793809048,Rainfed,Estaca,-0.00656407,1.418170632
0,0.327589936,-0.440826777,1.193221174,0.890233069,-0.793809048,Irrigated,Vivero,0.11633804,0.695042073
0,0.327589936,-0.440826777,1.193221174,0.890233069,-0.793809048,Irrigated,Vivero,-0.169458137,0.444812273
0,0.327589936,-0.440826777,1.193221174,0.890233069,-0.793809048,Rainfed,Vivero,0.952267472,0.495237896
0,0.099062178,-0.424149371,1.12208617,1.168051225,-0.793809048,Rainfed,Estaca,-0.255294531,1.968709229
0,-0.168961623,-0.522040164,0.985090303,1.145983492,-0.793809048,Irrigated,Estaca,0.713291146,-0.13021714
0,-0.043993337,-0.542489537,1.103204412,1.027703287,-0.793809048,Irrigated,Estaca,-0.243589568,-0.256945873
0,-0.203110065,-0.353669748,1.042951238,1.420170906,-0.793809048,Rainfed,Estaca,-0.301138969,-1.358567131
0,-0.29162696,-0.239857604,0.992445536,1.497693989,-0.793809048,Rainfed,Estaca,-0.289434006,-1.13817199
0,-0.29162696,-0.239857604,0.992445536,1.497693989,-0.793809048,Rainfed,Estaca,-0.25305108,-1.343583507
0,-0.29162696,-0.239857604,0.992445536,1.497693989,-0.793809048,Rainfed,Vivero,-0.313819345,-1.306336918
0,-0.29162696,-0.239857604,0.992445536,1.497693989,-0.793809048,Rainfed,Estaca,-0.214327161,-0.775411547
0,-0.298921001,-0.25242357,1.022160267,1.482890573,-0.793809048,Rainfed,Estaca,-0.316745586,-0.795383038
0,0.04325379,0.477364486,-0.738322349,-1.073949909,1.41930283,Rainfed,Vivero,0.264600903,0.503160863
0,0.401651692,0.085177439,-0.613898254,-1.33919855,1.41930283,Rainfed,Estaca,0.165108719,-0.291684527
0,0.883657039,0.033101722,-0.414639878,-1.648404952,1.41930283,Rainfed,Estaca,-0.034851064,0.201945866
0,0.246574794,0.261727268,-0.618401021,-1.216283566,1.41930283,Rainfed,Estaca,-0.245540395,-1.606092076
0,0.246574794,0.261727268,-0.618401021,-1.216283566,1.41930283,Rainfed,Estaca,-0.125564526,-1.060467107
0,-2.192304605,1.198198572,-3.375827635,-1.788883664,1.41930283,Rainfed,Estaca,-0.287483179,0.746333089
0,-0.763614766,0.036213357,-0.277425577,0.401910996,1.41930283,Rainfed,Estaca,-0.342106339,-1.606092076
0,-0.763614766,0.036213357,-0.277425577,0.401910996,1.41930283,Rainfed,Estaca,-0.281630697,-0.619352757
0,-0.700397498,0.059490922,-0.15356766,0.500606567,1.41930283,Irrigated,Vivero,-0.254319117,-1.248652219
0,-1.049115352,0.055171964,-0.404450426,0.465576431,1.41930283,Rainfed,Estaca,-0.332352203,-1.606092076
0,-0.88125862,0.403610781,-0.452384241,0.416052087,1.41930283,Rainfed,Estaca,-0.316745586,-0.269323656
0,-2.380111163,0.448620765,-2.67620336,-1.047487994,1.41930283,Irrigated,Vivero,-0.195794303,0.873541632
0,-1.648007398,0.119430551,-1.511825056,-0.548708492,1.41930283,Irrigated,Estaca,-0.247491222,1.141862692
0,-1.372127717,0.090013145,-1.334126915,-0.628068297,1.41930283,Irrigated,Estaca,0.135846312,-0.353016253
0,-2.8675223,0.937343553,-3.538254099,-1.412295797,1.41930283,Irrigated,Estaca,-0.299188142,0.99672981
0,-2.544604664,0.563906396,-2.918138517,-1.12627203,1.41930283,Irrigated,Estaca,-0.258220772,2.10704716
0,-2.380111163,0.448620765,-2.67620336,-1.047487994,1.41930283,Irrigated,Estaca,0.064641121,1.774572518
0,-2.088181229,0.29667753,-2.074564502,-0.734950283,1.41930283,Irrigated,Estaca,-0.338204685,0.757133192
0,-2.8675223,0.937343553,-3.538254099,-1.412295797,1.41930283,Irrigated,Estaca,-0.338107143,1.253942259
0,-1.228979316,0.216875765,-0.413509565,0.563521568,1.41930283,Rainfed,Estaca,-0.193843476,0.281044451
0,-1.228979316,0.216875765,-0.413509565,0.563521568,1.41930283,Rainfed,Estaca,-0.27967987,0.369057919
0,-1.840152503,0.409850116,-1.690371435,-0.450150942,1.41930283,Irrigated,Estaca,-0.32064724,0.212350554
0,-2.153356334,0.341855581,-2.121903246,-0.632705,1.41930283,Irrigated,Estaca,-0.33137679,-1.534209541
0,-2.153356334,0.341855581,-2.121903246,-0.632705,1.41930283,Irrigated,Estaca,-0.322598068,0.29522035
0,-2.153356334,0.341855581,-2.121903246,-0.632705,1.41930283,Irrigated,Estaca,-0.297237315,-0.821238953
0,-2.153356334,0.341855581,-2.121903246,-0.632705,1.41930283,Irrigated,Estaca,-0.34503258,-0.294131672
0,-2.294707217,0.460543063,-2.398298867,-0.864351134,1.41930283,Irrigated,Estaca,-0.324548895,2.814973687
0,-2.110492561,0.388575826,-2.126374275,-0.646829573,1.41930283,Irrigated,Estaca,-0.34795882,6.872042441
0,0.077985867,1.542404314,-1.363367509,0.130369035,-0.510343087,Rainfed,Estaca,-0.13951294,0.228347418
0,1.169325318,1.337384626,-1.092496865,-0.963826227,1.41930283,Irrigated,Vivero,0.802053782,-0.582589162
1,0.587179708,1.475769923,-1.42040005,-0.830473647,1.21204471,Irrigated,Vivero,1.656516071,-0.991903447
0,0.099371599,1.597765136,-1.331904045,0.161550216,-0.793809048,Rainfed,Estaca,-0.317721,-0.286076887
0,0.965190824,1.214691776,-1.049058579,-0.699044718,1.04698476,Rainfed,Vivero,0.507478883,-0.93289715
0,-0.138670594,0.898053626,-0.671114438,0.298801274,-0.793809048,Rainfed,Vivero,0.317273236,0.983598921
0,0.634324029,0.718978361,-0.363963395,-0.190249796,0.261269638,Rainfed,Estaca,-0.205548439,-0.198785372
0,0.58855073,0.726094386,-0.393240097,-0.17875131,-0.699406447,Rainfed,Estaca,-0.323573481,-0.29395736
0,0.676165224,0.727744462,-0.323375377,-0.189515417,-0.61191359,Rainfed,Estaca,-0.312258684,-0.472271661
0,0.676165224,0.727744462,-0.323375377,-0.189515417,-0.61191359,Rainfed,Estaca,-0.305040623,-0.496290259
0,0.676165224,0.727744462,-0.323375377,-0.189515417,-0.61191359,Rainfed,Estaca,-0.24944205,-0.385091405
0,0.676165224,0.727744462,-0.323375377,-0.189515417,-0.61191359,Rainfed,Estaca,-0.302114383,-1.179120079
0,-0.086568846,1.237855253,-1.260745022,-0.457716698,0.083639412,Rainfed,Estaca,-0.288653675,1.188414127
0,0.129569711,1.058279054,-1.202775216,-0.665144055,1.41930283,Rainfed,Estaca,-0.019732153,1.12731423
0,0.49760147,0.852944475,-0.61084379,-0.320984216,1.338713014,Rainfed,Estaca,-0.307966864,1.718016879
0,0.565768613,0.924601695,-0.578904229,-0.257429849,-0.571145957,Rainfed,Vivero,-0.03387565,-0.633009852
0,0.565768613,0.924601695,-0.578904229,-0.257429849,-0.571145957,Rainfed,Vivero,-0.1811631,-0.070677291
0,0.653838897,0.822236811,-0.432815875,-0.257990014,1.234215428,Rainfed,Estaca,-0.217253402,-0.937877598
0,0.905129772,1.323465217,-1.05892105,-0.654688162,-0.075515187,Irrigated,Estaca,1.16198139,-1.101110387
0,-0.271976378,0.961365528,-1.12328542,-0.11814327,-0.520611749,Rainfed,Estaca,-0.152290858,1.077495555
0,0.326642892,0.758710048,-0.422209125,-0.068103688,0.911466279,Rainfed,Estaca,-0.135318662,0.439753048
0,0.326642892,0.758710048,-0.422209125,-0.068103688,0.911466279,Rainfed,Estaca,-0.178236859,-0.770726684
0,-0.130291163,1.194097872,-1.29382902,-0.408766594,1.41930283,Rainfed,Estaca,-0.140195729,-0.290351599
0,0.49760147,0.852944475,-0.61084379,-0.320984216,1.338713014,Rainfed,Estaca,0.010017961,0.338684464
0,0.461303344,1.113994865,-0.823805184,0.020880494,-0.793809048,Rainfed,Estaca,-0.247491222,1.59888283
0,1.028683613,1.239987436,-1.079831784,-0.758792966,-0.146556173,Rainfed,Estaca,-0.027047755,-0.685921567
0,1.028683613,1.239987436,-1.079831784,-0.758792966,-0.146556173,Rainfed,Estaca,-0.023146101,-0.512561461
0,0.570424841,1.246060008,-1.299017549,-0.822184823,1.41930283,Rainfed,Estaca,-0.024121514,-0.050568607
0,0.807597429,1.276827697,-0.885230888,-0.332201314,-0.555783067,Rainfed,Estaca,-0.176286032,-0.065614047
0,-0.376514556,1.220039862,-1.396197754,-0.11814327,-0.793809048,Irrigated,Vivero,0.481142716,1.586312093
0,-0.130291163,1.194097872,-1.29382902,-0.408766594,1.41930283,Rainfed,Vivero,-0.20847468,-0.454055028
0,-0.371873342,1.396836221,-1.483172867,-0.257990014,1.341680456,Irrigated,Vivero,-0.191892649,-0.742236343
0,-0.130291163,1.194097872,-1.29382902,-0.408766594,1.41930283,Irrigated,Vivero,-0.266999494,-0.602697276
0,-0.087050241,1.404855001,-1.493330465,-0.244002395,-0.481858188,Rainfed,Estaca,-0.281630697,0.5757167
0,0.041686747,1.242738546,-1.302826509,-0.138484567,-0.793809048,Rainfed,Vivero,0.299715792,0.34905859
0,0.041686747,1.242738546,-1.302826509,-0.138484567,-0.793809048,Rainfed,Estaca,-0.295774194,0.524546457
0,0.14133353,1.18516895,-1.039089322,-0.13277862,-0.793809048,Rainfed,Estaca,-0.288751217,0.606498106
0,0.676165224,0.727744462,-0.323375377,-0.189515417,-0.61191359,Rainfed,Estaca,-0.269925735,-0.346509572
0,0.33611984,1.290689145,-0.848597391,-0.056933094,-0.793809048,Irrigated,Vivero,-0.231884605,-0.560832224
0,-0.440417697,1.260508461,-1.60631207,-0.268357398,1.255236213,Irrigated,Estaca,-0.29333566,-1.606092076
0,1.086268295,0.720681537,-0.188864531,-0.397836757,-0.53982885,Rainfed,Estaca,-0.295579112,0.074026683
0,0.712255296,0.947603908,-0.468314374,-0.285259783,-0.308869823,Rainfed,Estaca,-0.075818434,-0.801087764
0,1.229683298,0.743621438,0.006284531,-0.397836757,-0.781123759,Rainfed,Estaca,0.12999383,0.10771142
0,1.273774237,0.718978361,-0.023327231,-0.397836757,-0.793809048,Rainfed,Estaca,-0.187015581,-0.338199109
1,1.37025512,0.276891777,0.405419277,-0.243646099,-0.793809048,Rainfed,Vivero,0.813758744,1.026283769
1,1.37025512,0.276891777,0.405419277,-0.243646099,-0.793809048,Rainfed,Vivero,-0.098252946,1.279145328
0,0.604847885,1.404855001,-1.388792354,-0.817376987,1.41930283,Irrigated,Vivero,1.519958171,-0.780277017
0,0.89170812,1.214044379,-0.804706266,-0.306229483,-0.030406628,Rainfed,Estaca,-0.1021546,-0.309278076
0,0.772542638,1.29563728,-0.865680233,-0.276457773,0.116457559,Rainfed,Estaca,-0.058260989,-0.830426691
0,0.330710303,0.595552083,-0.161313404,0.161719472,-0.793809048,Rainfed,Estaca,-0.207499266,0.925753257
0,0.261948928,0.716910519,-0.141471114,0.207701994,-0.793809048,Rainfed,Estaca,-0.053383922,0.814058289
0,0.539452168,0.940446926,-0.549038291,-0.266745646,0.601771434,Rainfed,Estaca,-0.18408934,-1.093550076
0,0.521132465,0.947603908,-0.7546792,-0.229118619,-0.793809048,Rainfed,Estaca,-0.20847468,0.017331442
0,0.491409111,1.126210843,-0.741475451,-0.239077968,-0.793809048,Rainfed,Vivero,-0.242614155,1.049511574
0,0.565768613,0.924601695,-0.578904229,-0.257429849,-0.571145957,Rainfed,Estaca,-0.289434006,-0.866442563
0,1.214638278,1.111319999,-0.559557889,-0.398751208,0.178049453,Rainfed,Estaca,-0.265048667,0.394885584
0,0.707418525,1.299099573,-0.800269345,-0.09468207,-0.590172978,Rainfed,Estaca,0.015870442,-0.403968478
0,0.738871721,1.347910344,-1.349591205,-0.892840867,1.41930283,Rainfed,Vivero,1.030300557,-0.045918071
0,0.741684927,1.33547344,-1.304962163,-0.83134772,1.41930283,Rainfed,Estaca,1.363891999,0.043892915
0,0.545654938,0.890104797,-0.238373349,0.025849629,-0.76060623,Rainfed,Estaca,-0.207499266,0.679092623
0,0.545654938,0.890104797,-0.238373349,0.025849629,-0.76060623,Rainfed,Estaca,-0.283581525,0.173600569
0,0.553636224,0.925548593,-0.593347961,-0.160394013,-0.580312005,Rainfed,Estaca,-0.242614155,1.008817283
0,0.180771978,0.947603908,-0.555273791,0.20372895,-0.793809048,Rainfed,Estaca,-0.297237315,-0.60485952
0,-0.185817649,1.108180942,-1.083023577,-0.200118483,-0.69432275,Rainfed,Estaca,-0.1811631,0.984531025
0,1.175354519,0.48206616,0.219819874,-0.12269044,-0.793809048,Rainfed,Estaca,-0.179212272,1.708084913
0,-0.158280346,0.950572257,-0.559398241,0.299581266,-0.793809048,Rainfed,Estaca,-0.253343704,0.90950587
1,0.337733227,0.590752211,-0.175653764,0.16283496,-0.793809048,Rainfed,Estaca,3.254243503,0.852819505
0,0.405171063,1.198563157,-0.80154618,-0.124424858,-0.793809048,Rainfed,Estaca,-0.105080841,-0.371981005
0,0.49760147,0.852944475,-0.61084379,-0.320984216,1.338713014,Rainfed,Estaca,-0.291384833,0.52555878
0,0.280280716,1.352543999,-1.03469309,0.161550216,-0.793809048,Rainfed,Estaca,-0.12946618,-0.103232408
0,0.129489649,1.584272394,-1.253891309,0.157070218,-0.793809048,Rainfed,Estaca,-0.260171599,-0.073638657
0,0.198081602,1.123124985,-1.056058915,-0.462803138,1.41930283,Irrigated,Estaca,-0.193843476,0.073428466
0,0.129569711,1.058279054,-1.202775216,-0.665144055,1.41930283,Rainfed,Estaca,-0.228958365,1.837531357
0,-0.148151074,0.917873152,-0.71992186,0.28230743,-0.786658548,Rainfed,Vivero,-0.298895518,1.605272281
0,-0.148151074,0.917873152,-0.71992186,0.28230743,-0.786658548,Rainfed,Vivero,-0.280655284,1.104874025
0,0.331716183,1.345485324,-0.870663176,0.134699179,-0.793809048,Rainfed,Estaca,-0.300163555,1.588218931
0,0.710876126,0.803534967,-0.29742644,-0.177727367,-0.793809048,Rainfed,Estaca,0.037329541,0.532724887
0,0.634324029,0.718978361,-0.363963395,-0.190249796,0.261269638,Rainfed,Estaca,-0.1811631,0.552213739
1,0.706377969,1.227630732,-1.110954879,-0.66739102,1.41930283,Irrigated,Vivero,0.492847679,-0.008570705
0,0.228875557,1.403216594,-1.075715284,-0.039757191,-0.793809048,Rainfed,Estaca,-0.260171599,0.210106482
1,0.711490759,0.749618753,-0.446265013,-0.242039641,-0.793809048,Rainfed,Vivero,0.013919615,-0.213802351
1,1.231323706,1.240377207,-0.736519659,-0.536681564,-0.168373194,Rainfed,Vivero,2.410510763,0.116538326
0,0.64122009,1.345298716,-0.952324793,-0.232177754,0.674770391,Rainfed,Vivero,-0.06333314,-1.000555414
0,0.44220874,1.44818325,-1.404313838,-0.70067071,1.41930283,Rainfed,Estaca,-0.042654372,0.634387586
0,0.44220874,1.44818325,-1.404313838,-0.70067071,1.41930283,Rainfed,Estaca,-0.239687914,0.254549633
1,1.229683298,0.743621438,0.006284531,-0.397836757,-0.781123759,Rainfed,Vivero,0.12999383,-0.361021233
0,1.086268295,0.720681537,-0.188864531,-0.397836757,-0.53982885,Rainfed,Estaca,-0.324548895,0.505934419
0,1.229683298,0.743621438,0.006284531,-0.397836757,-0.781123759,Rainfed,Estaca,-0.304747999,-0.730119012
0,0.872633165,0.947603908,-0.2408449,-0.261520679,-0.222140471,Rainfed,Estaca,-0.147999038,0.276420742
0,0.587179708,1.475769923,-1.42040005,-0.830473647,1.21204471,Rainfed,Estaca,0.617700616,-0.975718123
1,0.623973939,1.37746616,-1.389652108,-0.834130321,1.41930283,Irrigated,Vivero,0.221682706,-0.442657534
0,0.44220874,1.44818325,-1.404313838,-0.70067071,1.41930283,Rainfed,Estaca,-0.126539939,0.07433853
0,0.590510015,1.404855001,-1.371334416,-0.817376987,1.41930283,Rainfed,Vivero,-0.251392877,-0.635913688
0,0.590510015,1.404855001,-1.371334416,-0.817376987,1.41930283,Rainfed,Vivero,-0.094351292,-0.943234897
0,1.086268295,0.720681537,-0.188864531,-0.397836757,-0.53982885,Rainfed,Estaca,-0.171408964,0.358477969
0,0.800069995,0.929264721,-0.383430841,-0.256386509,-0.793809048,Rainfed,Estaca,-0.316745586,-0.806163507
0,0.979643675,0.760379545,-0.287245574,-0.380546429,0.997652773,Rainfed,Estaca,-0.30699145,-0.402286375
0,1.273774237,0.718978361,-0.023327231,-0.397836757,-0.793809048,Rainfed,Estaca,-0.128490767,0.197271068
1,0.623973939,1.37746616,-1.389652108,-0.834130321,1.41930283,Irrigated,Estaca,0.49577392,-0.541750618
1,0.595655298,1.425278208,-1.402251243,-0.817376987,1.41930283,Irrigated,Vivero,0.738164193,-0.897687263
0,0.623973939,1.37746616,-1.389652108,-0.834130321,1.41930283,Rainfed,Estaca,-0.232860019,-1.595118521
0,0.296126753,0.708822468,-0.312954502,0.127871649,-0.618267442,Rainfed,Estaca,0.581610314,0.060950824
0,-0.148151074,0.917873152,-0.71992186,0.28230743,-0.786658548,Rainfed,Estaca,-0.203597612,1.708088507
1,-0.138670594,0.898053626,-0.671114438,0.298801274,-0.793809048,Rainfed,Estaca,0.347511057,0.687747984
0,0.206089909,0.944452313,-0.463531638,0.285115067,-0.793809048,Rainfed,Estaca,-0.152876106,-0.190572609
0,0.255777838,1.360074931,-1.238323548,-0.049625072,-0.699718868,Rainfed,Estaca,-0.055334749,0.450709858
0,0.374823605,1.219079115,-1.070127755,-0.11814327,-0.431580478,Rainfed,Estaca,-0.339180098,-0.68720218
0,-0.440417697,1.260508461,-1.60631207,-0.268357398,1.255236213,Irrigated,Vivero,-0.295286488,-1.606092076
1,0.335675219,1.206772486,-1.138952743,-0.46600566,0.307524901,Irrigated,Vivero,-0.155802347,0.5952483
0,0.550553094,-0.058721031,1.099634513,0.981919844,-0.793809048,Rainfed,Estaca,-0.305040623,1.239079436
0,0.885261351,-0.251772803,1.291031329,0.553171447,-0.793809048,Rainfed,Estaca,-0.333327617,0.099068692
0,0.885261351,-0.251772803,1.291031329,0.553171447,-0.793809048,Rainfed,Estaca,-0.335278444,0.281886089
0,0.885261351,-0.251772803,1.291031329,0.553171447,-0.793809048,Rainfed,Estaca,-0.325524308,0.26885912
0,0.339515538,-0.062288656,0.95241264,0.984540821,-0.793809048,Rainfed,Estaca,-0.325524308,0.340114476
0,0.339515538,-0.062288656,0.95241264,0.984540821,-0.793809048,Rainfed,Estaca,-0.335278444,0.842083545
0,0.339515538,-0.062288656,0.95241264,0.984540821,-0.793809048,Rainfed,Vivero,-0.309917691,0.067391556
0,0.485582835,-0.183858677,1.058268036,0.929680852,-0.793809048,Rainfed,Estaca,-0.341130925,0.012403923
0,0.509188882,-0.147110198,1.122226721,0.932928899,-0.793809048,Rainfed,Vivero,-0.289434006,-0.420187042
0,0.509188882,-0.147110198,1.122226721,0.932928899,-0.793809048,Rainfed,Vivero,-0.342106339,0.218444829
0,-0.742486926,0.136929933,0.328344455,1.254067414,-0.793809048,Rainfed,Estaca,-0.32064724,0.097989993
0,-0.704989631,0.015359619,0.48948484,1.390073805,-0.793809048,Rainfed,Estaca,5.946384963,-0.121231547
0,0.342157796,0.020243074,0.970537708,0.971441543,-0.793809048,Rainfed,Estaca,-0.270901148,0.203281064
0,0.795612099,-0.257768983,1.113640261,0.58085878,-0.793809048,Rainfed,Estaca,-0.342301422,0.412422668
0,0.549977945,-0.127831559,0.895304034,0.645792828,-0.793809048,Rainfed,Estaca,-0.329425963,-0.081801349
0,0.549977945,-0.127831559,0.895304034,0.645792828,-0.793809048,Rainfed,Estaca,-0.299188142,1.015108998
0,0.636035282,-0.195523825,1.081640148,0.649437065,-0.793809048,Rainfed,Estaca,-0.303089796,1.004125202
0,0.795612099,-0.257768983,1.113640261,0.58085878,-0.793809048,Rainfed,Estaca,-0.315770173,0.795134856
1,0.510154575,-0.194295788,1.057337603,0.862392129,-0.793809048,Rainfed,Vivero,-0.182138513,-0.066733521
1,0.673661935,-0.140389027,0.976026102,0.725978247,-0.793809048,Rainfed,Vivero,6.278025577,0.137815354
1,-1.016153045,0.137187253,0.124212975,1.323927038,-0.793809048,Irrigated,Estaca,-0.332352203,-1.383058246
0,1.225792185,-0.21518797,1.159837317,0.195421477,-0.793809048,Rainfed,Estaca,-0.34503258,-0.123256356
0,0.379913985,0.682930463,0.190114173,0.545929024,-0.793809048,Rainfed,Estaca,-0.287483179,-0.122591435
0,1.058765459,0.314379254,0.424705803,0.099563995,-0.793809048,Rainfed,Estaca,-0.309917691,2.082795856
0,1.058765459,0.314379254,0.424705803,0.099563995,-0.793809048,Rainfed,Estaca,-0.346983407,1.69400141
0,1.058765459,0.314379254,0.424705803,0.099563995,-0.793809048,Rainfed,Estaca,-0.292360247,1.331816268
0,0.379913985,0.682930463,0.190114173,0.545929024,-0.793809048,Rainfed,Estaca,-0.313819345,0.643503185
0,0.379913985,0.682930463,0.190114173,0.545929024,-0.793809048,Rainfed,Vivero,-0.30406521,0.300370151
0,1.944942551,0.038332305,0.932785004,-0.414800684,-0.793809048,Rainfed,Vivero,-0.204573025,2.050465774
0,1.944942551,0.038332305,0.932785004,-0.414800684,-0.793809048,Rainfed,Estaca,-0.241638741,2.712804076
0,1.968150215,0.033442144,0.930433808,-0.504677069,-0.793809048,Rainfed,Vivero,-0.311868518,2.981141098
1,1.968150215,0.033442144,0.930433808,-0.504677069,-0.793809048,Irrigated,Estaca,-0.289434006,1.441993505
1,0.342530084,0.718035326,-0.024848514,0.580513606,-0.793809048,Rainfed,Vivero,-0.042654372,-0.526813284
0,0.393323887,0.425029469,0.420896413,0.52048092,-0.793809048,Rainfed,Estaca,0.027575405,2.307011603
0,0.393323887,0.425029469,0.420896413,0.52048092,-0.793809048,Rainfed,Estaca,-0.312843932,0.732928907
0,1.157572304,0.119322578,0.671020808,0.081659525,-0.793809048,Rainfed,Estaca,-0.269925735,-0.610556072
1,1.157572304,0.119322578,0.671020808,0.081659525,-0.793809048,Rainfed,Estaca,-0.247491222,0.054853261
0,0.812155221,0.462128137,0.752948977,0.367498105,-0.793809048,Rainfed,Vivero,-0.046556027,0.865676441
0,0.871932177,0.453478115,0.632360832,0.406352294,-0.793809048,Rainfed,Estaca,-0.27967987,0.639403366
1,0.424964012,0.320806215,0.295709454,0.58510447,-0.793809048,Rainfed,Estaca,-0.266999494,1.673038202
0,1.34556699,0.4890302,0.525951038,0.0260357,-0.793809048,Rainfed,Estaca,0.142674207,1.613247392
0,1.163407609,0.490428762,0.536202184,0.16687599,-0.793809048,Rainfed,Estaca,-0.344057166,-0.648615848
0,1.34556699,0.4890302,0.525951038,0.0260357,-0.793809048,Rainfed,Estaca,-0.326499722,1.045600965
1,1.34556699,0.4890302,0.525951038,0.0260357,-0.793809048,Rainfed,Vivero,0.320199477,0.313354252
0,1.34556699,0.4890302,0.525951038,0.0260357,-0.793809048,Rainfed,Estaca,-0.193843476,2.00498858
0,1.184382462,0.096716746,0.79337744,0.074704286,-0.793809048,Rainfed,Estaca,-0.253343704,0.061966024
0,0.527732626,0.490352815,0.147397421,0.625941645,-0.793809048,Rainfed,Estaca,-0.199695957,0.301545066
0,0.918242528,0.261727268,0.516538098,0.171056929,-0.793809048,Rainfed,Estaca,-0.20847468,0.44911486
1,1.521847554,-0.07982999,0.939178068,-0.309447799,-0.793809048,Rainfed,Estaca,-0.136294075,-0.368680218
0,1.098302064,0.190190041,0.734821301,0.206134405,-0.793809048,Rainfed,Estaca,-0.281630697,-0.466051372
1,0.589938718,0.490352815,0.094551165,0.305484782,-0.793809048,Rainfed,Estaca,-0.142146557,0.504825613
0,1.372714379,0.191572176,0.978098947,0.401353348,-0.793809048,Rainfed,Estaca,-0.247491222,0.080467823
1,1.146997463,0.261727268,0.782278994,0.400173568,-0.793809048,Rainfed,Estaca,-0.1021546,0.719149879
0,1.449600963,0.033101722,1.017840227,-0.067711419,-0.793809048,Rainfed,Estaca,-0.183113927,0.186677264
0,1.449600963,0.033101722,1.017840227,-0.067711419,-0.793809048,Rainfed,Vivero,-0.330401376,-0.590363647
0,1.449600963,0.033101722,1.017840227,-0.067711419,-0.793809048,Rainfed,Estaca,-0.314794759,0.350623746
0,1.594333945,0.033101722,1.074454508,-0.215053813,-0.793809048,Rainfed,Estaca,-0.278704457,0.657378754
1,1.449600963,0.033101722,1.017840227,-0.067711419,-0.793809048,Rainfed,Vivero,0.526011741,-0.073914043
1,0.569174069,0.486229586,0.407166305,0.49081455,-0.793809048,Rainfed,Vivero,-0.203597612,1.673442635
0,0.961332504,0.034941067,0.654340704,0.076239127,-0.793809048,Rainfed,Vivero,-0.112884149,0.858576576
0,1.136359453,0.261727268,0.700873378,0.206031911,-0.793809048,Rainfed,Estaca,0.110485559,1.123112319
0,1.136359453,0.261727268,0.700873378,0.206031911,-0.793809048,Rainfed,Estaca,-0.329425963,0.261909344
1,0.614982875,0.279282431,0.522924638,0.440917389,-0.793809048,Rainfed,Vivero,-0.089474224,-0.007661122
0,1.814960237,0.016401279,1.041725396,-0.404207619,-0.793809048,Rainfed,Estaca,-0.329425963,1.08342447
0,1.31704791,0.212045497,0.794016127,-0.051692595,-0.793809048,Rainfed,Estaca,-0.27675363,-0.060097385
0,1.136359453,0.261727268,0.700873378,0.206031911,-0.793809048,Rainfed,Estaca,-0.261147012,0.378863048
0,1.136359453,0.261727268,0.700873378,0.206031911,-0.793809048,Rainfed,Estaca,-0.247491222,-0.041840953
0,1.136359453,0.261727268,0.700873378,0.206031911,-0.793809048,Rainfed,Estaca,-0.058260989,0.663421531
0,1.31704791,0.212045497,0.794016127,-0.051692595,-0.793809048,Rainfed,Estaca,-0.277729043,0.206024627
1,1.136359453,0.261727268,0.700873378,0.206031911,-0.793809048,Rainfed,Estaca,-0.257245358,0.3392874
0,1.136359453,0.261727268,0.700873378,0.206031911,-0.793809048,Rainfed,Estaca,-0.242614155,0.938966476
0,1.032706381,0.195160315,0.744445526,0.226696473,-0.793809048,Rainfed,Estaca,-0.2387125,0.626544119
0,1.498587935,-0.03247523,0.934767623,-0.243067846,-0.793809048,Rainfed,Estaca,-0.236761673,1.929656352
0,1.671356564,0.347874889,0.699768109,-0.238360058,-0.793809048,Rainfed,Estaca,-0.256269945,2.727385066
0,1.492842192,0.042909226,1.01929756,0.303068504,-0.793809048,Rainfed,Estaca,-0.253343704,0.946336934
0,1.772119879,0.230983033,0.899634249,-0.253463864,-0.793809048,Rainfed,Estaca,-0.258220772,-0.667535637
0,1.35117939,0.174362166,0.869496205,0.297536299,-0.793809048,Rainfed,Estaca,-0.205548439,0.219202012
0,1.400592671,0.04675026,0.921963603,0.293048358,-0.793809048,Rainfed,Estaca,-0.166531896,0.08145469
0,1.184382462,0.096716746,0.79337744,0.074704286,-0.793809048,Rainfed,Estaca,-0.096887367,0.100786728
1,1.023593368,0.468482579,0.395656769,-0.100964249,-0.793809048,Rainfed,Estaca,-0.08849881,1.224611652
0,1.533667761,0.052515719,0.575932115,-0.378473954,-0.793809048,Rainfed,Estaca,-0.233835432,2.091809649
0,1.533667761,0.052515719,0.575932115,-0.378473954,-0.793809048,Rainfed,Estaca,-0.298212728,1.490793408
0,1.533667761,0.052515719,0.575932115,-0.378473954,-0.793809048,Rainfed,Estaca,-0.298212728,0.951872179
0,1.533667761,0.052515719,0.575932115,-0.378473954,-0.793809048,Rainfed,Estaca,-0.339180098,1.775233002
0,0.90534271,0.380644044,0.623388241,0.368215073,-0.793809048,Rainfed,Estaca,-0.321622654,0.515825485
0,1.231326477,0.161063007,0.609721397,-0.024776197,-0.793809048,Rainfed,Estaca,-0.271876562,0.332570898
0,0.90534271,0.380644044,0.623388241,0.368215073,-0.793809048,Rainfed,Estaca,-0.336253858,0.286022932
0,1.141797392,0.264346925,0.614240248,0.16285416,-0.793809048,Rainfed,Estaca,-0.283581525,0.302517712
0,0.871932177,0.453478115,0.632360832,0.406352294,-0.793809048,Rainfed,Estaca,-0.309917691,0.718598777
0,0.327001812,0.511092152,0.254004726,0.581090446,-0.793809048,Rainfed,Estaca,-0.174335205,0.338170094
0,0.871932177,0.453478115,0.632360832,0.406352294,-0.793809048,Rainfed,Estaca,-0.336253858,1.249890807
0,0.812155221,0.462128137,0.752948977,0.367498105,-0.793809048,Irrigated,Estaca,-0.273827389,-0.221396419
1,0.614982875,0.279282431,0.522924638,0.440917389,-0.793809048,Irrigated,Estaca,-0.219204229,0.071172556
0,1.101091105,0.480970601,0.688963358,0.424686537,-0.793809048,Rainfed,Estaca,0.114387213,0.857695439
1,1.220020477,0.033101722,0.882856038,0.028912826,-0.793809048,Rainfed,Vivero,-0.309917691,0.377508279
0,1.37517976,0.016281647,0.977898455,-0.035011098,-0.793809048,Rainfed,Estaca,0.765963479,-0.135571149
1,1.37517976,0.016281647,0.977898455,-0.035011098,-0.793809048,Irrigated,Estaca,1.054685897,0.080146476
0,1.141797392,0.264346925,0.614240248,0.16285416,-0.793809048,Rainfed,Vivero,-0.27967987,1.726210661
0,2.115048511,-0.368932943,0.961897255,-1.023123748,-0.793809048,Rainfed,Vivero,-0.189941822,0.933799219
0,0.393323887,0.425029469,0.420896413,0.52048092,-0.793809048,Rainfed,Estaca,-0.192868062,2.445910595
0,0.90534271,0.380644044,0.623388241,0.368215073,-0.793809048,Rainfed,Estaca,-0.231884605,0.006818831
0,0.90534271,0.380644044,0.623388241,0.368215073,-0.793809048,Rainfed,Estaca,-0.280655284,0.687585576
0,0.483362168,0.48134889,0.383294747,0.581090446,-0.793809048,Rainfed,Vivero,-0.306016037,-0.5616922
0,0.838641406,0.491100393,0.415882153,0.3126869,-0.793809048,Rainfed,Vivero,-0.155802347,-0.086383987
0,1.157572304,0.119322578,0.671020808,0.081659525,-0.793809048,Rainfed,Estaca,-0.303089796,1.908355053
0,1.157572304,0.119322578,0.671020808,0.081659525,-0.793809048,Rainfed,Estaca,-0.248466636,0.933738467
0,1.157572304,0.119322578,0.671020808,0.081659525,-0.793809048,Rainfed,Estaca,-0.32064724,0.798438117
0,0.424964012,0.320806215,0.295709454,0.58510447,-0.793809048,Rainfed,Vivero,-0.26309784,0.148750125
0,1.288234982,0.09367175,0.994882819,0.081300777,-0.793809048,Rainfed,Vivero,-0.318696413,-0.175271306
0,1.288234982,0.09367175,0.994882819,0.081300777,-0.793809048,Rainfed,Vivero,-0.212376334,-0.149655352
0,1.284256265,0.116995667,0.644713773,-0.055865192,-0.793809048,Rainfed,Vivero,-0.164581069,0.158489141
0,1.722569174,-0.117377944,0.997063817,-0.363737044,-0.793809048,Rainfed,Vivero,-0.253246163,-0.360391293
0,1.722569174,-0.117377944,0.997063817,-0.363737044,-0.793809048,Rainfed,Estaca,-0.076793847,-0.109497406
0,1.493737658,0.207099441,0.878434965,-0.012500367,-0.793809048,Rainfed,Estaca,-0.341130925,0.117392365
0,1.493737658,0.207099441,0.878434965,-0.012500367,-0.793809048,Rainfed,Estaca,-0.338204685,0.025494144
0,1.722569174,-0.117377944,0.997063817,-0.363737044,-0.793809048,Rainfed,Estaca,-0.29333566,0.106886713
0,1.157572304,0.119322578,0.671020808,0.081659525,-0.793809048,Rainfed,Vivero,-0.259196185,-0.332109612
0,1.023593368,0.468482579,0.395656769,-0.100964249,-0.793809048,Rainfed,Estaca,-0.247491222,0.208415389
0,1.194277379,0.27156973,0.586659388,-0.008238405,-0.793809048,Rainfed,Estaca,-0.173359791,0.882285422
0,1.666771764,0.260877817,0.924785544,-0.097608421,-0.793809048,Rainfed,Estaca,-0.339180098,1.475125862
0,0.767566527,0.3937523,0.643297768,0.654946281,-0.793809048,Rainfed,Estaca,-0.237737087,0.580256651
0,1.666771764,0.260877817,0.924785544,-0.097608421,-0.793809048,Rainfed,Estaca,-0.312843932,0.128913453
0,0.767566527,0.3937523,0.643297768,0.654946281,-0.793809048,Rainfed,Estaca,-0.226032124,0.695960882
0,0.772924197,0.405936943,0.530826137,0.552379843,-0.793809048,Rainfed,Estaca,-0.303089796,0.486157256
0,0.767566527,0.3937523,0.643297768,0.654946281,-0.793809048,Rainfed,Estaca,-0.292360247,0.217961091
0,1.814132934,0.004342958,1.077972673,-0.433019347,-0.793809048,Rainfed,Estaca,-0.274802802,0.221173339
0,1.231326477,0.161063007,0.609721397,-0.024776197,-0.793809048,Rainfed,Estaca,-0.15677776,0.060025794
0,1.333693639,0.170606568,0.702072699,-0.145006091,-0.793809048,Rainfed,Estaca,-0.264073253,0.605361944
0,1.231326477,0.161063007,0.609721397,-0.024776197,-0.793809048,Rainfed,Estaca,-0.182138513,0.105226155
0,1.470487102,-1.113384948,1.72419584,-0.475596141,-0.793809048,Rainfed,Estaca,-0.325524308,-0.505635637
0,1.702770634,-1.095387081,1.593747124,-0.712730923,-0.793809048,Irrigated,Estaca,-0.096302119,-0.444800126
0,0.941521126,-0.760901251,1.509427113,0.235257739,-0.793809048,Rainfed,Vivero,0.548446253,-0.628473636
0,1.364614773,-0.906100124,1.626364936,-0.154783486,-0.793809048,Irrigated,Vivero,-0.265048667,-1.462556337
0,1.593523522,-1.110026011,1.643226661,-0.711205284,-0.793809048,Irrigated,Estaca,-0.171408964,-0.841241417
0,1.232004357,-1.011136547,1.615882389,-0.105185443,-0.793809048,Irrigated,Vivero,-0.021195274,-0.270770861
0,1.652274964,-1.200171416,1.719770254,-0.747307712,-0.793809048,Rainfed,Estaca,-0.073867607,0.096944707
1,0.595284644,-0.094585497,1.375845901,1.169595591,-0.958642863,Irrigated,Vivero,0.041231195,-1.353080645
1,0.834763418,-0.298893836,1.408478629,0.921381763,-0.793809048,Rainfed,Vivero,-0.201646785,2.024458748
0,0.813580537,-0.321134919,1.390839643,0.941895768,-0.793809048,Rainfed,Vivero,-0.34795882,2.862227059
0,0.813580537,-0.321134919,1.390839643,0.941895768,-0.793809048,Rainfed,Vivero,-0.313819345,2.024769511
0,0.834763418,-0.298893836,1.408478629,0.921381763,-0.793809048,Rainfed,Vivero,-0.207499266,1.674826448
0,0.834763418,-0.298893836,1.408478629,0.921381763,-0.793809048,Rainfed,Vivero,-0.231884605,1.714575316
1,2.048129095,-0.724679055,1.49551486,-0.882681334,-0.793809048,Rainfed,Vivero,-0.142146557,2.400175846
0,1.82405005,-0.644617595,1.432132439,-0.543853399,-0.793809048,Rainfed,Vivero,-0.028998582,1.405036786
1,0.774889735,-0.336059943,1.426803691,0.849635024,-0.793809048,Rainfed,Estaca,-0.212473875,1.363988462
1,0.515476076,-0.420518075,1.413959886,1.092532381,-0.793809048,Rainfed,Vivero,-0.219204229,-0.358676712
0,0.236798602,-0.943099911,1.034483305,-0.034365931,-0.793809048,Rainfed,Vivero,-0.082646329,0.065671502
1,-3.332310435,1.576915324,-5.377674457,-2.27773421,1.41930283,Irrigated,Vivero,-0.319671827,-1.48483488
0,-3.37263144,1.449569432,-5.484377812,-2.339918812,1.41930283,Rainfed,Vivero,-0.326499722,-1.407777875
0,-0.905560965,-1.116688523,-0.865968963,-2.078074954,1.41930283,Irrigated,Vivero,0.125116762,1.533829966
1,-1.702979425,-0.879609401,-1.5406044,-1.791622411,1.345212428,Irrigated,Vivero,0.322150304,1.827472696
0,-0.647772107,-0.249052072,-1.002114648,-1.707924256,1.41930283,Rainfed,Estaca,-0.261147012,2.660642325
1,-2.726887027,0.489088646,-3.123232248,-1.320132351,1.41930283,Irrigated,Vivero,-0.27675363,-0.88913263
1,-2.735423995,0.394104063,-3.087915673,-1.308764811,1.41930283,Irrigated,Vivero,-0.302114383,-1.302394227
0,-2.735423995,0.394104063,-3.087915673,-1.308764811,1.41930283,Irrigated,Vivero,-0.335278444,-1.240411299
0,-2.735423995,0.394104063,-3.087915673,-1.308764811,1.41930283,Irrigated,Vivero,-0.338204685,-1.286260153
0,-0.647772107,-0.249052072,-1.002114648,-1.707924256,1.41930283,Rainfed,Estaca,-0.296261901,1.819046928
1,-1.932161357,0.080599488,-1.873501668,-0.953745647,1.41930283,Irrigated,Vivero,-0.277924126,1.813965702
0,-0.056356306,0.023750407,-0.366544869,-0.725946055,1.41930283,Irrigated,Estaca,0.071469016,-1.324399709
0,0.298827587,-0.17677451,-0.320994715,-1.034791611,1.41930283,Rainfed,Estaca,-0.339180098,0.454485103
0,-0.975703617,0.147517084,-0.613397065,0.136249857,1.41930283,Irrigated,Estaca,-0.338204685,-0.557415963
0,-0.541748097,0.067640902,-0.486760884,-0.231864953,1.41930283,Rainfed,Vivero,-0.16750731,-1.606092076
0,-0.638864688,-0.195523825,0.568453962,1.506274574,0.574398487,Rainfed,Vivero,-0.215302575,-0.212779726
0,-0.638864688,-0.195523825,0.568453962,1.506274574,0.574398487,Rainfed,Estaca,-0.321134947,0.599520416
0,-0.573386866,-0.195523825,0.616421532,1.413738095,-0.676262574,Rainfed,Estaca,-0.292360247,-0.364957593
0,-0.270142182,0.117258043,0.54686172,0.984233205,-0.793809048,Rainfed,Estaca,-0.291384833,-0.445296858
0,-0.151171527,0.10828735,0.531666505,0.89038794,-0.793809048,Rainfed,Estaca,-0.330401376,-0.310087993
0,-0.664145834,-0.018927345,0.330523441,1.094205543,-0.793809048,Irrigated,Estaca,0.870332732,0.10653934
0,-1.14384143,0.261727268,-0.022487569,1.14047742,-0.793809048,Irrigated,Estaca,1.323900043,0.52357998
0,-0.664145834,-0.018927345,0.330523441,1.094205543,-0.793809048,Irrigated,Estaca,8.550739201,0.317042928
0,-0.866580713,-0.056341012,0.263931635,1.14047742,-0.793809048,Irrigated,Estaca,0.260699249,-0.114648384
0,-0.664145834,-0.018927345,0.330523441,1.094205543,-0.793809048,Irrigated,Estaca,0.770840547,0.084906566
0,0.126570082,-0.537960204,1.191360498,0.723383899,-0.793809048,Irrigated,Estaca,-0.173359791,2.390239414
0,0.303468968,-0.928714249,1.196507705,0.402488367,-0.793809048,Irrigated,Estaca,0.191444885,-0.226732445
0,-0.00873736,-0.540734183,1.068142147,0.929317534,-0.793809048,Irrigated,Estaca,-0.301138969,-0.803982419
0,0.732682987,-1.110026011,1.256996361,-0.158575868,-0.793809048,Irrigated,Estaca,0.058788639,0.494115855
0,-0.002050655,-0.539986211,1.129453623,0.929775056,-0.793809048,Rainfed,Estaca,-0.052408508,-0.332126388
0,0.708956503,-1.05107959,1.369780901,-0.161383043,-0.793809048,Rainfed,Estaca,0.674274604,-0.545722619
1,-0.112913819,-0.538896397,1.094830985,1.239802178,-0.793809048,Rainfed,Vivero,0.214854811,0.524316486
1,0.52108005,-0.994975979,1.280825281,0.117214995,-0.793809048,Rainfed,Estaca,1.510204035,-0.21855544
1,0.633370579,-0.93993651,1.180814463,-0.114603634,-0.793809048,Irrigated,Estaca,0.48211813,-0.160695835
0,-0.535612805,0.947347939,-1.045356359,-0.115122486,1.371498113,Rainfed,Estaca,-0.346983407,0.725970236
0,-0.183179856,1.109164358,-1.268798084,-0.318247158,-0.745867111,Rainfed,Estaca,-0.142146557,-0.809146899
0,-0.489847743,1.387097519,-1.416888903,-0.268851993,-0.699084181,Irrigated,Estaca,-0.302114383,-1.015823493
0,-0.27183832,1.192692067,-1.294542088,-0.387766829,-0.681127043,Irrigated,Estaca,0.043182022,-0.348933902
0,0.096540884,0.718978361,-0.783669259,-0.397605506,1.41930283,Rainfed,Estaca,-0.315770173,1.174144574
0,-0.572777781,0.718978361,-0.887889623,-0.11814327,1.41930283,Rainfed,Estaca,-0.189941822,0.103434946
0,-0.572777781,0.718978361,-0.887889623,-0.11814327,1.41930283,Rainfed,Estaca,-0.192868062,0.48858888
0,-0.572777781,0.718978361,-0.887889623,-0.11814327,1.41930283,Rainfed,Estaca,0.078296911,-0.246650856
0,-0.572777781,0.718978361,-0.887889623,-0.11814327,1.41930283,Rainfed,Estaca,-0.192868062,-0.761476419
0,-0.547160194,0.756968952,-0.91843099,-0.117255915,1.405260194,Rainfed,Estaca,-0.023146101,-0.303800276
0,-0.572777781,0.718978361,-0.887889623,-0.11814327,1.41930283,Rainfed,Estaca,-0.042654372,-0.66905471
0,-0.207920897,0.947444005,-0.961053092,-0.259720849,0.26468451,Rainfed,Estaca,-0.227495244,-0.955010018
0,-0.178534921,0.946565486,-0.930570194,-0.316519699,0.132438777,Rainfed,Estaca,-0.199695957,-0.78942525
0,-0.04998864,0.721144748,-0.76739879,-0.396782827,1.41930283,Rainfed,Estaca,-0.284556938,-1.512794207
0,-0.21176414,0.82401016,-1.048436729,-0.398789081,0.188968587,Rainfed,Vivero,-0.265048667,0.049166648
0,-0.27183832,1.192692067,-1.294542088,-0.387766829,-0.681127043,Rainfed,Vivero,-0.286507765,1.984591107
0,0.171399349,0.719064894,-0.683146171,-0.537742086,1.41930283,Rainfed,Vivero,-0.202622198,0.579069364
0,0.514882783,0.558506655,-0.525615689,-0.962875949,1.41930283,Rainfed,Vivero,-0.113859563,0.483469558
0,0.514882783,0.558506655,-0.525615689,-0.962875949,1.41930283,Rainfed,Vivero,0.650864678,0.224100178
0,-0.926525452,-0.336472638,-1.134130705,-1.55674628,1.41930283,Rainfed,Estaca,-0.285532352,2.190944316
1,-1.17266316,-0.763051064,-1.473348494,-2.428322875,1.41930283,Rainfed,Estaca,-0.343081753,0.874823815
0,-0.026278277,0.272900759,-0.323989009,-0.474749263,1.41930283,Irrigated,Estaca,-0.337229271,0.315694668
0,-0.026278277,0.272900759,-0.323989009,-0.474749263,1.41930283,Irrigated,Vivero,-0.340155512,0.131754971
0,-0.133093117,0.351673872,-0.370021879,-0.362027384,1.41930283,Irrigated,Estaca,-0.341130925,-0.743542442
0,-0.026278277,0.272900759,-0.323989009,-0.474749263,1.41930283,Irrigated,Vivero,-0.30699145,-0.860506133
0,-0.770387514,0.244610088,-0.418684674,0.144564711,1.41930283,Irrigated,Vivero,-0.193843476,-1.606092076
0,-0.770387514,0.244610088,-0.418684674,0.144564711,1.41930283,Irrigated,Vivero,-0.262122426,-1.606092076
0,-0.770387514,0.244610088,-0.418684674,0.144564711,1.41930283,Irrigated,Vivero,-0.114834977,-1.597574013
0,-0.770387514,0.244610088,-0.418684674,0.144564711,1.41930283,Irrigated,Vivero,-0.24944205,-1.606092076
0,-0.026278277,0.272900759,-0.323989009,-0.474749263,1.41930283,Rainfed,Estaca,-0.268950321,1.379000974
0,-0.026278277,0.272900759,-0.323989009,-0.474749263,1.41930283,Rainfed,Estaca,-0.308942278,-0.528160019
0,0.544724797,0.078511545,-0.219751051,-0.823268354,1.41930283,Irrigated,Estaca,0.802053782,-0.416688689
0,-0.264838876,0.451453868,-0.401968636,-0.254177599,1.41930283,Irrigated,Estaca,-0.337229271,-1.606092076
0,-0.450994625,0.898287587,-0.640734959,0.306269757,-0.793809048,Rainfed,Estaca,-0.052408508,-0.167296331
0,0.262639319,1.1288828,-0.71143254,0.393315452,-0.767768299,Rainfed,Estaca,-0.193843476,0.531777878
0,0.156118673,1.327433091,-0.816149795,0.41886781,-0.793809048,Rainfed,Estaca,-0.308942278,1.223141837
0,-1.183170114,-2.026479747,-0.1443188,-0.959611197,0.533632535,Irrigated,Estaca,-0.319671827,-0.704353776
1,-1.452089339,-1.847032908,-0.165030717,-0.708805839,-0.793809048,Irrigated,Estaca,-0.345325204,-1.291213423
