Occurrence,AnnualRainfall,RainfallSeasonality,TempSeasonality,MaxTemp,Isothermality,Slope,Watering,PlantMaterialOrigin,Area
0,-0.339588334,-0.147788301,0.876672556,1.581136661,-0.702639787,-0.582271369,Irrigated,Vivero,-0.005208438
0,-0.451060359,-0.147788301,0.818584232,1.721024067,-0.702639787,-1.27257296,Irrigated,Vivero,0.074077214
0,-0.339588334,-0.147788301,0.876672556,1.581136661,-0.702639787,-1.102396833,Irrigated,Vivero,2.315897233
1,-0.658079834,0.081338574,0.512652392,1.581136661,-0.702639787,-0.202278221,Irrigated,Estaca,0.390492434
0,-0.658079834,0.081338574,0.512652392,1.581136661,-0.702639787,0.111755106,Irrigated,Estaca,0.414860043
1,-0.737702709,-0.147788301,0.408093409,1.581136661,-0.702639787,-1.106829126,Irrigated,Vivero,0.853840699
1,-0.727086326,-0.147788301,0.528142612,1.674394932,-0.702639787,-0.568296145,Irrigated,Vivero,9.691645122
1,-0.944722185,0.081338574,0.380985525,1.721024067,-0.702639787,-1.346448365,Irrigated,Vivero,0.01588591
0,-0.514758659,-0.147788301,0.477799398,1.441249255,-0.702639787,-0.648776685,Irrigated,Vivero,0.100626997
0,-0.514758659,-0.147788301,0.477799398,1.441249255,-0.702639787,-0.635509226,Irrigated,Estaca,0.663191437
1,-0.514758659,-0.147788301,0.477799398,1.441249255,1.344978399,-0.371402466,Irrigated,Estaca,0.223774346
1,-0.817325585,0.310465449,0.439073849,1.581136661,1.344978399,-1.332773248,Irrigated,Vivero,-0.176872788
1,-0.817325585,0.310465449,0.439073849,1.581136661,1.344978399,-1.2401694,Irrigated,Vivero,-0.146322353
0,-0.817325585,0.310465449,0.439073849,1.581136661,1.344978399,-1.561663031,Irrigated,Estaca,-0.278707571
0,-0.658079834,0.081338574,0.411965964,1.441249255,-0.702639787,0.755674663,Rainfed,Estaca,-0.147777135
0,-0.514758659,-0.147788301,0.477799398,1.441249255,-0.702639787,-0.722371179,Irrigated,Vivero,0.094589649
0,-1.454308585,0.539592324,-1.315193537,-0.517174426,1.344978399,1.775111042,Irrigated,Estaca,-0.272888441
0,-0.403286634,0.081338574,-0.683967082,-0.657061832,1.344978399,1.820596554,Rainfed,Estaca,-0.273615832
0,-0.498834084,0.081338574,-0.637496423,-0.377287021,1.344978399,-0.444890869,Irrigated,Vivero,0.550518523
0,-0.403286634,0.081338574,-0.683967082,-0.657061832,1.344978399,0.774382216,Rainfed,Estaca,-0.273615832
0,-1.788724661,0.539592324,-1.853478672,-0.517174426,1.344978399,0.285647605,Rainfed,Vivero,-0.205241049
0,-0.212191734,-0.147788301,-0.703329857,-0.936836644,1.344978399,2.013070916,Rainfed,Estaca,-0.27798018
0,-1.103967935,0.310465449,-1.094457905,-0.377287021,1.344978399,-0.135708293,Irrigated,Estaca,-0.19505757
0,-1.597629761,0.539592324,-1.586272382,-0.377287021,1.344978399,1.544583503,Rainfed,Vivero,-0.279434962
0,-0.148493434,0.081338574,-0.707202412,-1.07672405,1.344978399,1.045551219,Rainfed,Estaca,-0.190693223
0,2.144645369,-0.606042051,-0.048868073,-3.035147731,1.344978399,1.237202872,Rainfed,Estaca,-0.245974962
0,2.144645369,-0.606042051,-0.048868073,-3.035147731,1.344978399,1.065048229,Rainfed,Estaca,-0.237973658
0,1.109547993,0.768719199,0.249318657,0.462037414,-0.702639787,1.343650953,Rainfed,Estaca,-0.235355049
0,1.109547993,0.768719199,0.249318657,0.462037414,-0.702639787,0.83371591,Rainfed,Vivero,-0.23942844
0,0.934377668,0.768719199,0.094416459,0.322150009,-0.702639787,0.818040851,Rainfed,Estaca,-0.274052267
0,0.934377668,0.768719199,0.094416459,0.322150009,-0.702639787,0.286570447,Rainfed,Estaca,-0.239937614
0,0.727358193,0.768719199,0.005347696,0.322150009,1.344978399,0.592574207,Rainfed,Estaca,0.16572852
0,0.727358193,0.768719199,0.005347696,0.322150009,-0.702639787,1.14822328,Rainfed,Estaca,-0.249611919
0,0.727358193,0.768719199,0.005347696,0.322150009,-0.702639787,0.870991217,Rainfed,Estaca,-0.135411483
0,1.189170868,0.539592324,0.164122448,-0.097512209,-0.702639787,0.16774614,Rainfed,Estaca,0.113356345
0,1.221020018,0.768719199,0.156377338,0.042375197,-0.702639787,1.700922047,Rainfed,Estaca,-0.106315831
0,1.045849693,0.768719199,0.082798795,0.042375197,-0.702639787,0.756213775,Irrigated,Estaca,0.403585478
0,0.727358193,0.768719199,0.005347696,0.322150009,-0.702639787,1.028824317,Rainfed,Estaca,0.002065475
0,1.045849693,0.768719199,0.082798795,0.042375197,-0.702639787,-0.086623211,Irrigated,Estaca,-0.101951483
1,0.727358193,0.768719199,-0.281221369,0.322150009,-0.702639787,-0.186391149,Rainfed,Estaca,-0.264887136
1,0.201847217,1.226972949,-0.912447823,0.462037414,-0.702639787,0.004742205,Rainfed,Estaca,-0.142685396
1,0.584037017,0.997846074,-0.296711589,0.462037414,-0.702639787,1.516268234,Rainfed,Vivero,-0.019028873
0,1.045849693,0.768719199,0.082798795,0.042375197,-0.702639787,1.031319476,Irrigated,Estaca,0.029706344
1,1.045849693,0.768719199,0.082798795,0.042375197,-0.702639787,0.252857476,Irrigated,Estaca,-0.245974962
0,1.300642893,0.539592324,0.233828437,-0.097512209,-0.702639787,0.389963379,Irrigated,Estaca,-0.246702354
0,0.647735317,1.226972949,-0.51744722,0.322150009,-0.702639787,-0.927836783,Rainfed,Estaca,-0.246702354
0,0.711433617,0.997846074,-0.254113485,0.182262603,-0.702639787,0.57958257,Rainfed,Estaca,-0.24452018
0,0.822905643,0.997846074,-0.203770271,0.322150009,-0.702639787,0.26019101,Rainfed,Estaca,-0.248157136
0,0.711433617,0.997846074,-0.254113485,0.182262603,-0.702639787,0.867746954,Rainfed,Estaca,-0.24452018
0,0.711433617,0.997846074,-0.254113485,0.182262603,-0.702639787,1.680270134,Rainfed,Estaca,-0.266341919
0,0.711433617,0.997846074,-0.254113485,0.182262603,-0.702639787,0.737485222,Rainfed,Estaca,-0.233463832
0,0.711433617,0.997846074,-0.254113485,0.182262603,-0.702639787,0.565733373,Rainfed,Estaca,-0.227062788
0,0.711433617,0.997846074,-0.254113485,0.182262603,-0.702639787,0.997666891,Rainfed,Estaca,-0.268524093
0,0.934377668,0.768719199,0.094416459,0.322150009,-0.702639787,2.149523806,Rainfed,Estaca,0.519240696
1,0.934377668,0.310465449,-0.374162688,-1.216611456,1.344978399,0.950262649,Irrigated,Vivero,0.461049392
0,0.854754793,0.539592324,-0.761418181,-1.496386267,1.344978399,-1.59095891,Rainfed,Vivero,-0.230699745
0,1.061774268,0.539592324,-0.482594226,-1.636273673,1.344978399,0.0766024,Rainfed,Vivero,-0.264887136
1,0.902528518,0.997846074,-0.885339939,-1.356498861,1.344978399,3.191517902,Irrigated,Estaca,-0.177600179
0,0.377017542,0.539592324,-1.028624471,-1.356498861,1.344978399,1.801824717,Irrigated,Estaca,-0.152141483
0,0.233696367,0.768719199,-0.962791038,-1.07672405,1.344978399,-0.7419426,Irrigated,Estaca,-0.1389757
0,0.679584467,0.539592324,-0.784653511,-1.356498861,1.344978399,0.321083601,Rainfed,Estaca,-0.213969745
0,0.998075968,0.539592324,-0.695584747,-1.496386267,1.344978399,-0.543027277,Rainfed,Vivero,-0.012482352
0,0.026676892,0.768719199,-0.974408702,-0.936836644,1.344978399,-0.985350123,Rainfed,Vivero,-0.151414092
0,0.759207343,0.539592324,-0.769163291,-1.496386267,1.344978399,-0.608302187,Rainfed,Estaca,-0.262268528
0,0.233696367,0.539592324,-0.796271175,-0.796949238,1.344978399,0.560847036,Rainfed,Vivero,-0.22022531
0,0.392942117,0.539592324,-0.958918483,-1.216611456,1.344978399,-0.195639443,Rainfed,Estaca,-0.014664525
0,1.014000543,0.539592324,-0.610388539,-1.636273673,1.344978399,-0.468500817,Rainfed,Vivero,-0.069946265
0,-0.482909509,0.768719199,-0.765290736,-0.377287021,1.344978399,-0.395216118,Rainfed,Estaca,4.032540726
0,0.377017542,0.539592324,-1.028624471,-1.356498861,1.344978399,-0.192234464,Rainfed,Vivero,-0.21687931
0,0.838830218,0.997846074,-1.291958207,-1.916048485,1.344978399,2.063311223,Irrigated,Vivero,-0.099041917
0,0.313319242,0.768719199,-0.676221972,-0.657061832,1.344978399,-1.413758729,Rainfed,Estaca,-0.261977571
0,0.313319242,0.768719199,-0.676221972,-0.657061832,1.344978399,2.069968138,Rainfed,Estaca,-0.266341919
1,1.029925118,0.539592324,-0.409015682,-1.356498861,1.344978399,-0.756896698,Irrigated,Vivero,0.078514301
0,0.249620942,0.768719199,-0.955045928,-1.07672405,1.344978399,0.69491208,Rainfed,Estaca,-0.242338006
1,0.982151393,0.310465449,-0.529064885,-1.496386267,1.344978399,0.321636086,Rainfed,Vivero,-0.235791484
0,0.982151393,0.310465449,-0.529064885,-1.496386267,1.344978399,0.644290322,Rainfed,Estaca,-0.182691918
0,1.061774268,0.310465449,-0.424505902,-1.496386267,1.344978399,-0.980679195,Irrigated,Estaca,0.209371998
0,2.36758942,0.539592324,-0.285093924,-2.475598108,1.344978399,0.241728167,Rainfed,Vivero,0.789830264
1,0.838830218,0.310465449,-0.263794872,-1.286555158,1.344978399,0.402122128,Irrigated,Vivero,3.625201592
0,-0.068870559,0.997846074,-1.140928565,-0.796949238,1.344978399,1.754369098,Rainfed,Vivero,0.690177654
0,0.934377668,0.310465449,-0.374162688,-1.216611456,1.344978399,0.777950432,Rainfed,Estaca,-0.0670367
0,0.249620942,0.768719199,-0.955045928,-1.07672405,1.344978399,-0.804570599,Rainfed,Estaca,-0.236518875
0,0.759207343,0.539592324,-0.769163291,-1.496386267,1.344978399,0.822299534,Rainfed,Estaca,-0.000844091
0,0.679584467,0.539592324,-0.784653511,-1.356498861,1.344978399,-0.875553555,Rainfed,Estaca,-0.222843919
0,0.233696367,0.539592324,-0.796271175,-0.796949238,1.344978399,0.539946975,Rainfed,Vivero,-0.085512439
1,1.061774268,0.539592324,-0.482594226,-1.636273673,1.344978399,0.309071794,Rainfed,Vivero,-0.068491482
1,-0.244040884,0.768719199,-0.881467384,-0.796949238,1.344978399,0.536381165,Irrigated,Vivero,-0.008845395
1,-0.068870559,0.539592324,-0.81563395,-0.796949238,1.344978399,-1.470846226,Irrigated,Vivero,-0.137593657
1,-0.881023885,0.081338574,-0.006269969,1.021587038,1.344978399,-1.387749248,Irrigated,Vivero,-0.18923844
0,-0.674004409,0.081338574,-0.068230848,0.60192482,1.344978399,-1.482732903,Irrigated,Vivero,-0.08958583
1,-0.753627284,0.081338574,-0.207642825,0.462037414,1.344978399,-1.304237671,Irrigated,Vivero,-0.208878005
0,-2.011668711,0.081338574,-1.99289065,-1.07672405,1.344978399,0.760922617,Irrigated,Vivero,-0.269251484
0,-1.47023316,-0.147788301,-1.38877208,-1.216611456,1.344978399,2.465483369,Irrigated,Estaca,-0.277252789
0,-2.744199162,1.914353574,-4.591375011,-2.055935891,1.344978399,0.567810257,Rainfed,Estaca,-0.259795397
0,0.042601467,0.539592324,-1.094457905,-1.356498861,1.344978399,-0.668915792,Irrigated,Estaca,0.796376786
0,0.169998067,0.310465449,-0.920192933,-1.216611456,1.344978399,0.395297959,Irrigated,Estaca,-0.199421918
0,-0.100719709,0.539592324,-0.958918483,-0.936836644,1.344978399,0.248065421,Rainfed,Vivero,0.534515914
0,0.169998067,0.310465449,-0.920192933,-1.216611456,1.344978399,0.877676843,Rainfed,Vivero,-0.143412787
0,-0.084795134,0.539592324,-1.148673674,-1.216611456,1.344978399,0.858402492,Rainfed,Estaca,-0.235791484
0,-0.084795134,0.539592324,-1.148673674,-1.216611456,1.344978399,-0.609009307,Rainfed,Estaca,-0.24452018
0,-0.212191734,0.310465449,-1.094457905,-1.07672405,1.344978399,0.416944905,Rainfed,Estaca,-0.103406265
0,-0.212191734,0.310465449,-1.094457905,-1.07672405,1.344978399,0.969127901,Rainfed,Estaca,-0.000116699
0,-0.212191734,0.310465449,-1.094457905,-1.07672405,1.344978399,-0.697446014,Rainfed,Estaca,-0.243792788
0,0.647735317,0.310465449,-0.513574665,-1.356498861,1.344978399,0.503902585,Rainfed,Estaca,-0.108498005
1,-0.100719709,0.539592324,-0.958918483,-0.936836644,1.344978399,0.115725872,Irrigated,Vivero,2.51374767
1,-1.24728911,0.310465449,0.137014564,1.301361849,-0.702639787,-1.086822456,Irrigated,Vivero,0.068258084
0,-0.658079834,0.081338574,0.411965964,1.441249255,-0.702639787,-0.538633393,Irrigated,Vivero,0.134450693
1,-1.40653486,0.310465449,-0.060485738,1.441249255,-0.702639787,-0.607487651,Irrigated,Estaca,-0.208878005
1,-1.24728911,0.310465449,0.137014564,1.301361849,-0.702639787,-1.103677457,Irrigated,Vivero,0.071167649
0,-1.167666235,-0.147788301,0.117651789,1.581136661,-0.702639787,-1.402131856,Irrigated,Estaca,2.614127671
0,-1.040269635,0.310465449,0.257063767,1.441249255,-0.702639787,0.108803237,Irrigated,Estaca,1.803086359
0,-1.02434506,0.310465449,0.167995003,1.441249255,-0.702639787,-0.402772085,Irrigated,Estaca,-0.226335397
0,-1.02434506,0.310465449,0.167995003,1.441249255,-0.702639787,0.207523157,Irrigated,Estaca,1.408112878
0,-1.422459435,0.310465449,-0.122446617,1.161474443,-0.702639787,0.555638553,Irrigated,Vivero,0.741822437
0,-1.43838401,0.310465449,-0.180534941,1.161474443,-0.702639787,-1.115326321,Rainfed,Vivero,-0.271433658
0,-1.40653486,0.310465449,-0.060485738,1.441249255,-0.702639787,0.687708411,Rainfed,Vivero,0.32720939
1,-1.43838401,0.310465449,-0.180534941,1.161474443,-0.702639787,0.4046605,Rainfed,Vivero,0.16063678
1,0.138148917,0.081338574,1.174859286,1.441249255,-0.702639787,-0.120310547,Irrigated,Vivero,-0.242338006
1,0.520338717,-0.147788301,1.352996813,1.161474443,-0.702639787,-0.035671014,Irrigated,Vivero,-0.024848004
1,0.488489567,-0.147788301,1.341379148,1.161474443,-0.702639787,-0.652843044,Rainfed,Vivero,-0.1172267
0,0.201847217,-0.147788301,1.24069272,1.441249255,-0.702639787,-0.080313369,Rainfed,Estaca,-0.247429745
0,0.408866692,-0.376915176,1.318143819,1.161474443,-0.702639787,1.361802346,Rainfed,Estaca,-0.206695831
0,0.297394667,-0.147788301,1.310398709,1.301361849,-0.702639787,1.730505155,Rainfed,Estaca,-0.237973658
0,0.424791267,0.310465449,-0.478721671,-0.936836644,1.344978399,-0.567505116,Irrigated,Estaca,5.329479433
0,0.281470092,0.310465449,-0.316074364,-0.517174426,1.344978399,-1.166345464,Irrigated,Estaca,0.563611566
0,-0.466984934,-0.147788301,0.663682035,1.581136661,-0.702639787,-1.068208571,Rainfed,Estaca,-0.259068006
1,-0.100719709,-0.147788301,0.826329342,1.021587038,-0.702639787,0.246101024,Rainfed,Estaca,-0.242338006
0,-0.466984934,-0.147788301,0.663682035,1.581136661,-0.702639787,-0.676207559,Rainfed,Estaca,-0.24452018
0,-0.339588334,-0.147788301,0.66755459,1.301361849,-0.702639787,-1.010443549,Rainfed,Estaca,-0.208150614
0,0.759207343,-0.606042051,1.391722362,0.60192482,-0.702639787,0.847971893,Rainfed,Estaca,-0.231427136
0,0.982151393,-0.606042051,1.294908489,0.322150009,-2.750257974,-1.169217231,Rainfed,Estaca,-0.232881919
0,0.743282768,-0.606042051,1.488536236,0.741812226,-0.702639787,0.055385319,Rainfed,Vivero,-0.155342005
0,0.568112442,-0.606042051,1.368487033,0.881699632,-0.702639787,0.746067708,Rainfed,Vivero,-0.265614528
0,0.568112442,-0.606042051,1.368487033,0.881699632,-0.702639787,0.877928535,Rainfed,Estaca,-0.271069962
0,0.568112442,-0.606042051,1.368487033,0.881699632,-0.702639787,0.141403963,Rainfed,Estaca,-0.273252136
0,0.743282768,-0.606042051,1.391722362,0.741812226,-0.702639787,-0.044050915,Rainfed,Estaca,-0.127410179
0,-1.31098741,-0.147788301,-1.245487548,-0.657061832,1.344978399,2.016855231,Irrigated,Estaca,-0.273615832
1,-1.788724661,0.768719199,-0.761418181,0.462037414,1.344978399,-1.330572651,Irrigated,Estaca,-0.264159745
1,-1.43838401,0.539592324,-0.544555105,0.462037414,1.344978399,-1.596218954,Irrigated,Vivero,-0.261977571
1,-1.613554336,0.539592324,-0.668476863,0.462037414,1.344978399,-1.219609875,Irrigated,Estaca,-0.210914701
0,-1.709101786,0.539592324,-0.761418181,0.322150009,1.344978399,-1.064395853,Irrigated,Estaca,-0.259795397
0,-1.613554336,0.539592324,-0.668476863,0.462037414,1.344978399,-1.014536574,Irrigated,Estaca,-0.271433658
0,-1.43838401,0.539592324,-0.544555105,0.462037414,1.344978399,-1.023914286,Irrigated,Estaca,-0.211787571
1,-1.788724661,0.768719199,-0.761418181,0.462037414,1.344978399,-1.19924356,Irrigated,Estaca,-0.245974962
0,-1.02434506,0.539592324,-0.560045324,0.322150009,1.344978399,-0.715319202,Rainfed,Estaca,-0.20014931
0,-1.008420485,0.539592324,-0.614261094,0.182262603,1.344978399,-0.079229885,Rainfed,Estaca,-0.199421918
0,-1.08804336,0.539592324,-0.602643429,0.182262603,1.344978399,-1.215987704,Rainfed,Estaca,-0.208150614
0,-0.642155259,0.310465449,-0.393525462,0.182262603,1.344978399,-0.703476954,Rainfed,Estaca,-0.264159745
0,-0.721778134,0.310465449,-0.53293744,0.042375197,1.344978399,-1.324470443,Rainfed,Vivero,-0.248157136
0,-0.737702709,0.310465449,-0.385780352,0.182262603,1.344978399,-1.379698536,Rainfed,Vivero,-0.231427136
0,-0.737702709,0.310465449,-0.385780352,0.182262603,1.344978399,-1.325346358,Rainfed,Estaca,-0.198694527
0,-0.785476435,0.081338574,-0.447741231,0.182262603,1.344978399,-1.606092076,Rainfed,Estaca,-0.248884527
0,-1.08804336,0.539592324,-0.602643429,0.182262603,1.344978399,-1.416857465,Rainfed,Estaca,-0.248157136
0,-1.518006886,0.539592324,-0.819506505,0.182262603,1.344978399,-0.476178092,Irrigated,Estaca,-0.165961918
1,-1.709101786,0.539592324,-0.873722274,0.182262603,1.344978399,-1.240601518,Irrigated,Vivero,0.846566786
1,-1.804649236,0.768719199,-0.819506505,0.322150009,1.344978399,-1.31055229,Irrigated,Vivero,-0.013209743
0,-1.263213685,0.539592324,-0.498084446,0.322150009,1.344978399,-1.185185307,Rainfed,Vivero,-0.229972353
0,-1.15174166,0.310465449,-0.308329254,0.462037414,1.344978399,-1.606092076,Rainfed,Vivero,-0.235064093
0,-1.263213685,0.539592324,-0.498084446,0.322150009,1.344978399,-0.629738561,Rainfed,Vivero,-0.048851917
0,-1.263213685,0.539592324,-0.498084446,0.322150009,1.344978399,-0.56927891,Rainfed,Estaca,-0.213969745
0,-1.15174166,0.310465449,-0.521319775,0.182262603,1.344978399,-0.122707558,Rainfed,Vivero,-0.184146701
0,-1.486157735,0.539592324,-0.610388539,0.322150009,1.344978399,-0.332258761,Irrigated,Estaca,-0.243792788
0,-1.15174166,0.310465449,-0.571662989,0.182262603,1.344978399,-1.11048392,Rainfed,Vivero,0.031161127
0,-1.15174166,0.310465449,-0.571662989,0.182262603,1.344978399,-0.091469027,Irrigated,Vivero,-0.133229309
0,0.106299767,-1.293422676,0.33064231,-1.356498861,-0.702639787,-1.192133997,Irrigated,Vivero,-0.224153223
0,0.042601467,-1.293422676,0.493289618,-1.216611456,-0.702639787,-0.019086554,Irrigated,Estaca,-0.251794093
0,-0.530683234,-0.147788301,0.853437226,1.581136661,-0.702639787,0.012560082,Rainfed,Estaca,-0.184874092
0,0.377017542,-0.376915176,1.314271264,1.301361849,-0.702639787,0.335896781,Rainfed,Estaca,0.713454176
0,0.377017542,-0.376915176,1.314271264,1.301361849,-0.702639787,1.042791136,Rainfed,Estaca,0.010066779
1,0.265545517,-0.147788301,1.112898407,1.301361849,-0.702639787,-0.225328872,Rainfed,Vivero,1.237903311
1,0.886603943,-0.376915176,1.155496511,0.322150009,-0.702639787,0.123145116,Irrigated,Estaca,-0.272161049
0,0.886603943,-0.376915176,1.155496511,0.322150009,-0.702639787,0.48883056,Rainfed,Estaca,-0.197967136
1,-0.037021409,-0.147788301,0.938633435,1.441249255,-0.702639787,-0.404241742,Rainfed,Estaca,-0.271724615
0,-0.037021409,-0.147788301,0.938633435,1.441249255,-0.702639787,0.020560352,Rainfed,Estaca,-0.247429745
0,0.424791267,-0.147788301,1.124516072,1.161474443,-0.702639787,-0.301650169,Rainfed,Estaca,-0.184874092
0,0.408866692,-0.147788301,1.066427748,1.021587038,-0.702639787,-0.830459812,Rainfed,Estaca,-0.069946265
0,0.329243817,-0.147788301,1.318143819,1.161474443,-0.702639787,0.060967437,Rainfed,Estaca,-0.277252789
0,0.886603943,-0.376915176,1.155496511,0.322150009,-0.702639787,-0.149491209,Irrigated,Estaca,-0.278707571
1,-0.482909509,0.081338574,0.783731238,1.581136661,-0.702639787,-0.161755592,Rainfed,Estaca,-0.187783657
0,0.584037017,-0.376915176,1.333634038,0.881699632,-0.702639787,1.432070013,Rainfed,Estaca,0.018068083
0,0.838830218,-0.376915176,1.163241621,0.462037414,-0.702639787,-1.111325677,Rainfed,Vivero,-0.229244962
0,2.20834367,-0.835168926,1.387849807,-1.636273673,-0.702639787,-0.905734186,Rainfed,Vivero,-0.128864961
0,2.24019282,-0.835168926,1.352996813,-1.636273673,-0.702639787,-0.010116617,Rainfed,Vivero,-0.240155832
0,1.794304719,-0.835168926,1.24843783,-1.216611456,-0.702639787,-0.707768056,Rainfed,Vivero,-0.201604092
0,0.138148917,0.081338574,1.174859286,1.441249255,-0.702639787,-0.266576769,Rainfed,Vivero,-0.253248875
0,0.138148917,0.081338574,1.174859286,1.441249255,-0.702639787,-0.45662134,Rainfed,Vivero,-0.251794093
0,0.138148917,0.081338574,1.174859286,1.441249255,-0.702639787,1.010204066,Rainfed,Vivero,-0.249611919
0,0.138148917,0.081338574,1.174859286,1.441249255,-0.702639787,0.774867879,Rainfed,Vivero,-0.254703658
0,0.838830218,-0.376915176,1.163241621,0.462037414,-0.702639787,-0.900914245,Rainfed,Vivero,-0.248884527
0,-0.037021409,-0.147788301,0.938633435,1.441249255,-0.702639787,0.227506224,Rainfed,Vivero,-0.253976267
0,0.424791267,-0.147788301,1.124516072,1.161474443,-0.702639787,-0.291258596,Rainfed,Vivero,-0.181964527
0,-0.052945984,0.081338574,0.938633435,1.441249255,-0.702639787,-0.353631802,Rainfed,Vivero,-0.272161049
0,-0.068870559,0.081338574,1.019957089,1.721024067,-0.702639787,-0.123297939,Rainfed,Estaca,-0.256158441
0,0.584037017,-0.376915176,1.333634038,0.881699632,-0.702639787,1.462689992,Rainfed,Estaca,-0.171781049
0,0.568112442,-0.376915176,1.159369066,0.881699632,-0.702639787,1.466701908,Rainfed,Estaca,-0.236518875
0,0.584037017,-0.376915176,1.333634038,0.881699632,-0.702639787,1.276762585,Rainfed,Estaca,-0.203058875
0,0.568112442,-0.376915176,1.159369066,0.881699632,-0.702639787,2.311647408,Rainfed,Estaca,-0.240883223
0,0.584037017,-0.376915176,1.333634038,0.881699632,-0.702639787,1.442983254,Rainfed,Estaca,-0.187056266
0,0.408866692,-0.147788301,1.298781044,1.301361849,-0.702639787,0.626580146,Rainfed,Estaca,-0.206695831
1,-0.89694846,-1.980803301,0.295789316,-0.377287021,-0.702639787,-1.510060971,Irrigated,Vivero,-0.169526135
0,-0.96064676,-1.751676426,0.284171651,-0.377287021,-0.702639787,-0.806076962,Irrigated,Estaca,-0.213242353
0,-1.18359081,-1.522549551,0.303534426,0.042375197,-0.702639787,0.273235392,Irrigated,Estaca,-0.247429745
0,-1.072118785,-1.751676426,0.156377338,-0.377287021,-0.702639787,-0.936619321,Irrigated,Estaca,-0.280744267
0,-1.199515385,-1.751676426,0.082798795,-0.237399615,-0.702639787,-0.685846747,Irrigated,Estaca,-0.277689223
0,-0.86509931,-1.751676426,0.357750195,-0.377287021,-0.702639787,-1.081393202,Irrigated,Estaca,-0.253976267
0,-1.18359081,-1.522549551,0.303534426,0.042375197,-0.702639787,-1.600538445,Irrigated,Estaca,-0.235646006
1,-1.199515385,-1.751676426,0.082798795,-0.237399615,-0.702639787,-0.815846163,Irrigated,Vivero,0.116993302
1,-1.31098741,-1.637112989,0.07892624,-0.167455912,-0.702639787,0.855739637,Irrigated,Vivero,6.476575529
1,-0.86509931,-1.751676426,0.36162275,-0.517174426,-0.702639787,-1.099459629,Irrigated,Estaca,-0.228517571
0,-1.37468571,-1.751676426,0.001475141,-0.237399615,-0.702639787,-0.671781754,Rainfed,Vivero,-0.181819049
0,-0.89694846,-1.980803301,0.37711297,-0.377287021,-0.702639787,-1.103594791,Irrigated,Estaca,-0.271433658
1,-1.549856036,-2.439057051,-0.587153209,-1.216611456,1.344978399,0.144597846,Irrigated,Estaca,-0.268524093
0,-1.422459435,-2.209930176,-0.459358896,-1.356498861,-0.702639787,-0.179575149,Irrigated,Vivero,-0.26706931
0,-1.486157735,-2.439057051,-0.536809995,-1.496386267,1.344978399,-1.345727962,Irrigated,Vivero,-0.278707571
0,-1.37468571,-2.668183926,-0.544555105,-1.636273673,1.344978399,0.085951287,Irrigated,Estaca,-0.229244962
0,-1.37468571,-2.668183926,-0.544555105,-1.636273673,1.344978399,-1.053069722,Irrigated,Estaca,-0.280889745
0,-1.422459435,-2.439057051,-0.583280654,-1.496386267,1.344978399,-1.139496298,Rainfed,Estaca,-0.013209743
0,-1.31098741,-2.668183926,-0.362545023,-1.496386267,1.344978399,0.178472138,Rainfed,Vivero,-0.174690614
0,-1.37468571,-2.668183926,-0.544555105,-1.636273673,1.344978399,-1.510248697,Irrigated,Vivero,-0.280162354
0,-1.422459435,-2.209930176,-0.459358896,-1.356498861,1.344978399,-0.662601326,Irrigated,Estaca,-0.149231918
0,-1.103967935,-2.439057051,-0.428378457,-1.916048485,1.344978399,-0.735516463,Irrigated,Vivero,-0.266341919
0,-1.103967935,-2.439057051,-0.428378457,-1.916048485,1.344978399,-0.926439116,Irrigated,Vivero,-0.262704962
0,-1.533931461,-2.439057051,-0.501957,-1.356498861,1.344978399,-0.500653002,Irrigated,Estaca,-0.268524093
0,-1.549856036,-2.439057051,-0.587153209,-1.216611456,1.344978399,-1.366073719,Irrigated,Estaca,-0.247429745
0,-1.08804336,-2.668183926,-0.25024093,-1.776161079,-0.702639787,-0.593958356,Irrigated,Vivero,-0.28379931
0,-1.08804336,-2.668183926,-0.25024093,-1.776161079,-0.702639787,-0.231508027,Irrigated,Vivero,-0.283071919
0,-1.167666235,-2.668183926,-0.366417578,-1.776161079,1.344978399,-1.480450646,Irrigated,Vivero,-0.27798018
0,-1.08804336,-2.668183926,-0.25024093,-1.776161079,-0.702639787,-0.88094773,Rainfed,Vivero,-0.258340614
0,-1.533931461,-2.439057051,-0.501957,-1.356498861,-0.702639787,-1.606092076,Irrigated,Estaca,-0.284526702
0,-1.549856036,-2.439057051,-0.587153209,-1.216611456,1.344978399,0.029828317,Irrigated,Vivero,-0.263432354
1,-1.31098741,-2.668183926,-0.505829555,-1.636273673,1.344978399,-1.423154272,Irrigated,Vivero,-0.275798006
0,-1.549856036,-2.439057051,-0.552300215,-1.496386267,-0.702639787,-0.409230922,Irrigated,Estaca,-0.276525397
1,-1.31098741,-2.668183926,-0.443868676,-1.636273673,1.344978399,-1.386991244,Irrigated,Vivero,-0.277252789
0,-1.549856036,-2.439057051,-0.587153209,-1.216611456,1.344978399,-1.258606237,Irrigated,Estaca,-0.264887136
0,-1.08804336,-2.668183926,-0.25024093,-1.776161079,1.344978399,-0.639372025,Irrigated,Estaca,-0.280162354
1,-1.533931461,-2.439057051,-0.552300215,-1.216611456,-0.702639787,0.378372209,Irrigated,Estaca,-0.253248875
1,-1.533931461,-2.439057051,-0.552300215,-1.216611456,-0.702639787,0.279399501,Irrigated,Estaca,-0.283071919
1,-1.533931461,-2.439057051,-0.552300215,-1.216611456,-0.702639787,-0.196283955,Irrigated,Vivero,-0.179782353
0,-1.103967935,-2.439057051,-0.428378457,-1.916048485,1.344978399,-0.745355185,Irrigated,Estaca,-0.280162354
0,-1.05619421,-2.439057051,-0.378035243,-1.916048485,1.344978399,0.241022375,Irrigated,Estaca,-0.284526702
0,-1.05619421,-2.439057051,-0.378035243,-1.916048485,1.344978399,-0.211926391,Irrigated,Estaca,-0.281617136
0,-1.103967935,-2.439057051,-0.428378457,-1.916048485,1.344978399,-0.014974996,Irrigated,Estaca,-0.275070615
0,-1.08804336,-2.668183926,-0.25024093,-1.776161079,-0.702639787,-0.96835806,Rainfed,Estaca,-0.280162354
0,-1.08804336,-2.668183926,-0.25024093,-1.776161079,1.344978399,-0.896390093,Irrigated,Estaca,-0.283071919
0,-1.08804336,-2.668183926,-0.25024093,-1.776161079,-0.702639787,-1.424802556,Rainfed,Estaca,-0.061944961
0,-1.08804336,-2.668183926,-0.25024093,-1.776161079,-0.702639787,-0.982448814,Rainfed,Estaca,-0.278707571
0,-1.05619421,-2.668183926,-0.207642825,-1.776161079,-0.702639787,-1.450711765,Rainfed,Estaca,-0.235064093
0,-1.08804336,-2.668183926,-0.25024093,-1.776161079,-0.702639787,-1.383870559,Irrigated,Estaca,-0.165234527
0,-1.167666235,-2.668183926,-0.366417578,-1.776161079,1.344978399,0.23987174,Irrigated,Estaca,-0.26706931
1,-1.549856036,-2.439057051,-0.552300215,-1.496386267,-0.702639787,-0.387626522,Irrigated,Estaca,-0.281617136
0,-1.11989251,-2.668183926,-0.436123567,-1.916048485,1.344978399,-1.085122016,Irrigated,Estaca,-0.283071919
0,-1.11989251,-2.668183926,-0.436123567,-1.916048485,1.344978399,-0.408519069,Irrigated,Estaca,-0.245247571
0,-1.454308585,-2.439057051,-0.544555105,-1.496386267,1.344978399,-1.226544483,Irrigated,Estaca,-0.282344528
0,-1.533931461,-2.439057051,-0.501957,-1.356498861,-0.702639787,-0.357767389,Irrigated,Estaca,-0.275798006
0,-1.486157735,-2.439057051,-0.536809995,-1.496386267,1.344978399,-1.335548131,Irrigated,Estaca,-0.260522788
0,-1.486157735,-2.439057051,-0.536809995,-1.496386267,1.344978399,-0.930370745,Irrigated,Estaca,-0.280162354
0,-1.533931461,-2.439057051,-0.552300215,-1.216611456,-0.702639787,1.329202467,Irrigated,Estaca,-0.263432354
0,-1.549856036,-2.439057051,-0.501957,-1.216611456,-0.702639787,-0.707278679,Irrigated,Estaca,-0.280162354
0,-1.549856036,-2.439057051,-0.501957,-1.216611456,-0.702639787,-0.350028305,Irrigated,Estaca,-0.275070615
0,-1.533931461,-2.439057051,-0.552300215,-1.216611456,-0.702639787,0.639333005,Irrigated,Estaca,-0.26706931
0,-1.422459435,-2.209930176,-0.459358896,-1.356498861,-0.702639787,-0.533225321,Irrigated,Estaca,-0.235064093
0,-1.533931461,-2.439057051,-0.552300215,-1.216611456,-0.702639787,0.053219275,Irrigated,Estaca,-0.274343223
0,-1.693177211,-2.209930176,-0.633623868,-1.216611456,-0.702639787,-0.801015343,Irrigated,Estaca,-0.276525397
0,-1.549856036,-2.439057051,-0.587153209,-1.216611456,1.344978399,1.776273137,Irrigated,Estaca,-0.20596844
0,-1.08804336,-2.668183926,-0.25024093,-1.776161079,-0.702639787,-1.270025085,Rainfed,Estaca,-0.273615832
1,0.138148917,-0.147788301,0.92701577,0.741812226,-0.702639787,-0.65070167,Irrigated,Estaca,-0.274343223
1,0.822905643,-0.606042051,1.043192418,-0.237399615,-0.702639787,1.259857265,Irrigated,Vivero,-0.042305395
0,0.138148917,-0.147788301,0.92701577,0.741812226,-0.702639787,-0.892970969,Irrigated,Estaca,-0.259795397
1,0.313319242,-0.376915176,0.985104094,0.60192482,-0.702639787,-0.103058825,Rainfed,Vivero,-0.131774526
1,-0.116644284,-0.147788301,0.93476088,1.161474443,-0.702639787,-0.573457456,Irrigated,Vivero,-0.279434962
1,1.858003019,-1.064295801,1.058682638,-1.636273673,-0.702639787,-0.596942391,Irrigated,Estaca,-0.137593657
0,-0.323663759,-0.147788301,0.748878243,1.441249255,-0.702639787,0.051870747,Rainfed,Estaca,-0.251794093
0,-0.86509931,0.081338574,0.489417063,1.860911473,-0.702639787,0.862906072,Rainfed,Vivero,-0.008845395
0,-0.371437484,-0.147788301,0.872800001,1.581136661,-0.702639787,-0.27701819,Irrigated,Estaca,-0.117954092
0,-0.323663759,-0.147788301,0.896035331,1.441249255,-0.702639787,1.28728629,Rainfed,Estaca,-0.129592353
0,-0.721778134,0.081338574,0.702407584,1.860911473,-0.702639787,0.570906041,Rainfed,Estaca,-0.060490178
0,-0.737702709,-0.147788301,0.683044809,1.860911473,-0.702639787,1.441298637,Rainfed,Estaca,-0.14486757
0,-0.721778134,0.081338574,0.702407584,1.860911473,-0.702639787,0.493071033,Irrigated,Estaca,-0.241610614
1,1.635058969,-0.835168926,0.996721759,-1.496386267,-0.702639787,-0.580697038,Irrigated,Estaca,-0.087403657
0,1.858003019,-1.064295801,1.058682638,-1.636273673,-0.702639787,-0.239032458,Irrigated,Estaca,-0.07285583
0,0.297394667,-1.064295801,0.737260578,-0.517174426,-0.702639787,-0.573817294,Irrigated,Estaca,-0.25033931
0,0.297394667,-1.064295801,0.737260578,-0.517174426,-0.702639787,-0.598875678,Irrigated,Estaca,-0.25033931
0,0.520338717,-1.064295801,0.857309781,-0.796949238,-0.702639787,-0.733839545,Rainfed,Estaca,-0.131047135
0,0.297394667,-1.064295801,0.737260578,-0.517174426,-0.702639787,-1.199607667,Irrigated,Estaca,-0.18923844
0,-2.505330537,0.539592324,-2.914558724,-1.216611456,1.344978399,0.136530107,Irrigated,Estaca,-0.264887136
0,-2.505330537,0.539592324,-2.914558724,-1.216611456,1.344978399,0.353917636,Irrigated,Estaca,-0.28132618
0,-2.330160212,0.539592324,-2.767401637,-1.216611456,1.344978399,1.358748242,Rainfed,Estaca,-0.254630919
0,-1.008420485,0.310465449,-1.063477466,-0.517174426,1.344978399,0.186575971,Irrigated,Estaca,-0.23360931
0,-1.804649236,0.539592324,-1.632743041,-0.517174426,1.344978399,2.055885002,Irrigated,Estaca,-0.254703658
0,-0.355512909,0.081338574,-0.316074364,-0.097512209,1.344978399,-0.936731732,Irrigated,Estaca,1.851821577
0,-0.594381534,0.081338574,-0.470976561,0.042375197,1.344978399,-1.418184444,Rainfed,Estaca,0.206462433
0,-0.482909509,0.310465449,-0.24249582,0.042375197,1.344978399,-1.120147354,Rainfed,Vivero,0.103172867
0,-0.498834084,0.310465449,-0.323819473,0.042375197,1.344978399,-0.989180047,Rainfed,Vivero,-0.1004967
0,-0.466984934,0.310465449,-0.455486341,-0.097512209,1.344978399,-1.213089846,Irrigated,Vivero,0.02170504
0,-0.259965459,0.310465449,-0.296711589,-0.097512209,1.344978399,-1.091075862,Irrigated,Estaca,0.364306347
1,-0.005172258,0.081338574,-0.285093924,-0.377287021,1.344978399,-1.239865444,Irrigated,Vivero,0.199915911
1,-0.371437484,-0.147788301,0.148632228,0.322150009,1.344978399,-1.500517513,Irrigated,Vivero,-0.063399743
1,-1.11989251,0.310465449,0.226083327,1.860911473,1.344978399,-1.517233986,Irrigated,Vivero,-0.285254093
1,0.408866692,-0.835168926,1.112898407,0.462037414,-0.702639787,0.236544993,Rainfed,Vivero,7.465827711
1,0.552187867,-1.064295801,1.314271264,0.182262603,-0.702639787,-0.804493116,Rainfed,Vivero,-0.093586483
1,1.077698843,-1.293422676,1.2252025,-0.657061832,-0.702639787,-0.854013534,Rainfed,Estaca,0.384673304
0,0.982151393,-1.064295801,1.333634038,-0.237399615,-0.702639787,-0.126392805,Rainfed,Estaca,0.451593305
0,0.552187867,-1.064295801,1.136133737,0.182262603,-0.702639787,-0.69572603,Rainfed,Estaca,1.003683309
0,0.552187867,-1.064295801,1.178731841,0.182262603,-0.702639787,-0.712879739,Rainfed,Estaca,3.176401154
0,-1.358761135,0.310465449,-1.617252821,-0.936836644,1.344978399,1.322448945,Irrigated,Vivero,-0.181237136
1,-1.677252636,0.539592324,-1.973527875,-1.07672405,1.344978399,-0.418084003,Irrigated,Vivero,-0.255940223
0,-0.371437484,0.081338574,-0.900830159,-1.216611456,1.344978399,-0.999549374,Irrigated,Vivero,-0.262704962
0,-1.677252636,0.539592324,-1.973527875,-1.07672405,1.344978399,-0.320342373,Irrigated,Vivero,-0.230699745
0,-0.180342584,-0.147788301,0.62108393,0.881699632,-0.702639787,0.653704701,Rainfed,Estaca,-0.173963222
0,-0.180342584,-0.147788301,0.62108393,0.881699632,-0.702639787,0.248795522,Rainfed,Estaca,-0.243065397
0,0.345168392,-0.376915176,0.741133133,0.322150009,-0.702639787,1.22244842,Rainfed,Estaca,-0.280089615
0,0.345168392,-0.376915176,0.741133133,0.322150009,-0.702639787,0.279389043,Rainfed,Estaca,-0.281617136
0,0.026676892,-0.376915176,0.648191815,0.741812226,-0.702639787,-0.272221907,Rainfed,Vivero,0.455230261
0,-0.180342584,-0.147788301,0.62108393,0.881699632,-0.702639787,-0.038475305,Rainfed,Estaca,-0.272161049
0,0.504414142,-3.355564551,0.760495908,-2.895260325,1.344978399,0.094799431,Irrigated,Vivero,-0.198185353
0,-0.180342584,-3.355564551,0.524270057,-2.195823296,1.344978399,-1.000162897,Irrigated,Vivero,1.389200704
0,0.058526042,-3.355564551,0.555250497,-2.475598108,1.344978399,-0.951328761,Irrigated,Vivero,-0.063399743
0,0.010752317,-3.355564551,0.694662474,-2.335710702,1.344978399,-0.824929545,Irrigated,Vivero,-0.153596266
0,0.345168392,-3.584691426,0.702407584,-2.75537292,1.344978399,-0.155096592,Irrigated,Vivero,-0.272161049
0,0.010752317,-3.355564551,0.694662474,-2.335710702,1.344978399,-0.878731432,Irrigated,Vivero,0.282838521
0,0.345168392,-3.584691426,0.702407584,-2.75537292,1.344978399,-0.709790148,Irrigated,Vivero,-0.081584526
0,0.504414142,-3.355564551,0.760495908,-2.895260325,1.344978399,-0.755531149,Irrigated,Vivero,0.133723302
0,-0.514758659,1.456099824,-1.423625075,-0.097512209,-0.702639787,-1.524883243,Rainfed,Estaca,-0.237973658
0,-0.514758659,1.456099824,-1.423625075,-0.097512209,-0.702639787,-1.508030472,Rainfed,Estaca,-0.166689309
0,-0.642155259,1.226972949,-1.187399224,-0.097512209,-0.702639787,0.698659415,Rainfed,Estaca,-0.248157136
0,-0.753627284,0.768719199,-0.974408702,0.182262603,-0.702639787,-0.993830949,Irrigated,Estaca,-0.14654057
0,-0.658079834,0.997846074,-1.117693235,-0.097512209,-0.702639787,0.008894647,Rainfed,Estaca,-0.208878005
0,-0.642155259,1.226972949,-1.187399224,-0.097512209,-0.702639787,0.345356918,Rainfed,Estaca,-0.211787571
1,-1.199515385,0.768719199,-0.505829555,0.60192482,1.344978399,-1.321981995,Irrigated,Vivero,0.633441132
0,-0.721778134,0.310465449,0.144759674,0.881699632,-0.702639787,1.118345959,Rainfed,Estaca,0.019522866
0,-1.072118785,0.539592324,-0.180534941,0.881699632,-0.702639787,-0.630798137,Rainfed,Estaca,-0.229244962
0,-1.167666235,0.310465449,-0.327692028,0.741812226,-0.702639787,0.181363119,Rainfed,Vivero,-0.112134961
0,-1.167666235,0.310465449,-0.327692028,0.741812226,-0.702639787,-0.283262452,Rainfed,Vivero,0.27701939
0,-0.164418009,0.310465449,-0.010142524,0.462037414,-0.702639787,-1.159342751,Rainfed,Estaca,-0.265614528
0,-0.80140101,0.539592324,-0.691712192,0.462037414,-0.702639787,-0.335190044,Rainfed,Estaca,-0.155051048
0,0.122224342,0.310465449,0.535887722,0.741812226,-0.702639787,1.127099721,Rainfed,Estaca,-0.035031482
0,0.122224342,0.310465449,0.535887722,0.741812226,-0.702639787,0.01090448,Irrigated,Estaca,0.165001128
0,-0.769551859,0.310465449,0.03245558,1.021587038,1.344978399,-0.944815253,Rainfed,Estaca,-0.25033931
0,-0.148493434,0.081338574,0.396475744,0.881699632,1.344978399,0.202936965,Rainfed,Estaca,-0.267796702
1,0.934377668,-0.147788301,0.876672556,0.182262603,-0.702639787,0.21852323,Rainfed,Vivero,0.069712867
0,0.934377668,-0.147788301,0.876672556,0.182262603,-0.702639787,-0.126445826,Rainfed,Vivero,0.071167649
1,0.408866692,0.081338574,0.729515469,0.881699632,-0.702639787,0.455002357,Rainfed,Estaca,-0.085948874
0,-0.705853559,0.310465449,0.090543904,0.881699632,-0.702639787,-0.583490685,Rainfed,Estaca,-0.267796702
0,-1.072118785,0.539592324,-0.180534941,0.881699632,-0.702639787,-0.244452631,Rainfed,Vivero,-0.149959309
0,-0.148493434,0.081338574,0.470054288,0.881699632,-0.702639787,-1.189379268,Rainfed,Estaca,-0.265614528
0,-0.148493434,0.081338574,0.396475744,0.881699632,1.344978399,1.252113582,Rainfed,Estaca,-0.201604092
0,1.189170868,-0.147788301,0.795348902,-0.097512209,-0.702639787,0.64725983,Rainfed,Estaca,-0.240155832
0,-0.037021409,0.081338574,0.408093409,0.881699632,-0.702639787,0.698793493,Rainfed,Estaca,-0.219788875
0,0.647735317,0.081338574,0.578485826,0.322150009,-0.702639787,0.118454281,Rainfed,Estaca,-0.174690614
0,0.010752317,0.081338574,0.442946403,0.741812226,-0.702639787,0.263016241,Irrigated,Estaca,-0.243065397
0,-0.164418009,0.081338574,0.315152091,0.881699632,-0.702639787,-0.095242186,Rainfed,Estaca,0.060984171
0,-0.83325016,0.539592324,-0.060485738,0.881699632,1.344978399,-1.033141717,Rainfed,Estaca,-0.259795397
0,-0.769551859,0.310465449,0.03245558,1.021587038,-0.702639787,0.569796606,Rainfed,Estaca,0.024614605
0,-0.339588334,0.310465449,0.214465662,0.881699632,-0.702639787,-0.250420677,Rainfed,Estaca,-0.157233222
0,-0.403286634,0.081338574,0.171867558,0.741812226,-0.702639787,-1.27775053,Rainfed,Estaca,-0.147049744
0,-0.084795134,0.081338574,0.617211375,0.881699632,-0.702639787,0.309423378,Rainfed,Estaca,-0.207423223
0,0.010752317,0.081338574,0.442946403,0.741812226,-0.702639787,0.047367599,Irrigated,Estaca,-0.251066701
0,-0.403286634,0.081338574,0.171867558,0.741812226,-0.702639787,-0.947440105,Rainfed,Estaca,-0.227062788
0,0.010752317,0.081338574,0.493289618,0.881699632,-0.702639787,0.553790705,Rainfed,Estaca,0.562884175
0,-0.403286634,0.081338574,0.171867558,0.741812226,1.344978399,-0.45692326,Rainfed,Vivero,-0.168871483
0,0.217771792,0.081338574,0.624956485,1.021587038,-0.702639787,-0.26646724,Rainfed,Estaca,-0.235791484
0,0.615886167,-0.147788301,0.787603793,0.60192482,-0.702639787,0.279144561,Rainfed,Estaca,-0.201604092
0,-2.346084787,1.226972949,-3.545785179,-1.776161079,3.392596585,1.421445048,Rainfed,Estaca,-0.229972353
0,-0.116644284,-0.376915176,1.004466869,1.161474443,-0.702639787,-1.024819922,Rainfed,Estaca,-0.241610614
0,-0.339588334,-0.147788301,0.896035331,1.441249255,-0.702639787,0.141151292,Rainfed,Vivero,0.183986041
1,0.265545517,-0.606042051,1.170986731,1.021587038,-0.702639787,0.332046907,Rainfed,Vivero,-0.040123221
0,0.265545517,-0.606042051,1.140006292,1.021587038,-0.702639787,-0.155196839,Rainfed,Estaca,0.36576113
1,0.392942117,-0.606042051,1.298781044,0.741812226,-0.702639787,-0.013848386,Rainfed,Estaca,-0.200876701
0,-0.339588334,-0.147788301,0.896035331,1.441249255,-0.702639787,-0.09004232,Rainfed,Vivero,-0.177963875
1,-0.068870559,-0.376915176,1.008339424,1.161474443,-0.702639787,-0.892008745,Rainfed,Estaca,-0.192148005
1,-0.244040884,-0.147788301,1.012211979,1.441249255,-0.702639787,2.587735585,Irrigated,Vivero,-0.278562093
1,0.026676892,-0.376915176,0.985104094,1.021587038,-0.702639787,0.724986608,Irrigated,Vivero,0.08280591
1,-0.291814609,-0.376915176,1.023829644,1.441249255,-0.702639787,0.050686484,Irrigated,Vivero,-0.152868874
1,-0.291814609,-0.376915176,1.023829644,1.441249255,-0.702639787,-0.515969063,Irrigated,Vivero,-0.060490178
0,-0.021096833,-0.606042051,1.147751401,1.021587038,-0.702639787,-0.287386437,Irrigated,Estaca,-0.256158441
0,-0.021096833,-0.606042051,0.923143215,1.021587038,-0.702639787,-1.239741733,Rainfed,Estaca,-0.091622526
0,-0.148493434,-0.376915176,0.996721759,1.301361849,-0.702639787,-0.948134814,Rainfed,Estaca,-0.230699745
0,-0.275890034,-0.147788301,0.96574132,1.441249255,-0.702639787,-0.627739154,Rainfed,Estaca,-0.264887136
0,-0.307739184,-0.147788301,0.985104094,1.581136661,-0.702639787,-1.353373217,Irrigated,Vivero,-0.218334092
0,-0.212191734,-0.606042051,0.865054891,1.161474443,-0.702639787,-0.50982609,Irrigated,Estaca,-0.281617136
0,-0.275890034,-0.147788301,0.96574132,1.441249255,-0.702639787,-1.606092076,Irrigated,Vivero,-0.207423223
0,-0.307739184,-0.147788301,0.96574132,1.581136661,-0.702639787,-1.329567244,Irrigated,Vivero,-0.216151918
0,-0.498834084,-0.147788301,0.830201897,1.581136661,-0.702639787,-1.264917141,Rainfed,Vivero,-0.18923844
0,-0.323663759,-0.147788301,1.016084534,1.581136661,-0.702639787,-1.18127891,Rainfed,Estaca,-0.214697136
0,-0.323663759,-0.147788301,1.012211979,1.581136661,-0.702639787,-0.11761798,Rainfed,Estaca,-0.130319744
0,-0.435135784,-0.147788301,0.876672556,1.581136661,-0.702639787,-1.222088762,Rainfed,Estaca,0.162091563
0,-0.323663759,-0.147788301,1.012211979,1.581136661,-0.702639787,-0.10035488,Rainfed,Estaca,-0.159415396
0,0.759207343,-0.606042051,1.391722362,0.60192482,-0.702639787,-0.035599083,Rainfed,Vivero,-0.208150614
0,0.568112442,-0.606042051,1.368487033,0.881699632,-0.702639787,1.60669621,Rainfed,Vivero,-0.141230614
0,0.647735317,-0.606042051,0.94250599,-0.237399615,-0.702639787,-0.466860078,Rainfed,Vivero,0.106082432
0,0.488489567,-0.376915176,1.345251703,0.881699632,-0.702639787,0.346028685,Rainfed,Vivero,-0.086676265
0,-0.498834084,-0.147788301,0.830201897,1.581136661,-0.702639787,-1.606092076,Rainfed,Estaca,-0.216151918
0,-0.323663759,-0.147788301,1.016084534,1.581136661,-0.702639787,-0.98604828,Rainfed,Estaca,-0.248884527
0,-0.259965459,-0.147788301,0.915398105,1.441249255,-0.702639787,-1.036034945,Rainfed,Estaca,0.052255475
0,-0.498834084,-0.147788301,0.830201897,1.581136661,-0.702639787,-1.387647284,Rainfed,Vivero,-0.212514962
0,-0.498834084,-0.147788301,0.830201897,1.581136661,-0.702639787,-1.374467889,Rainfed,Estaca,-0.22269844
0,0.297394667,-0.376915176,1.221329945,1.021587038,-0.702639787,-0.765055686,Rainfed,Estaca,-0.279216745
1,-0.132568859,-0.376915176,1.008339424,1.301361849,-0.702639787,-0.905997387,Irrigated,Vivero,-0.152868874
0,-0.371437484,-0.376915176,0.94250599,1.581136661,-0.702639787,-0.551274753,Rainfed,Estaca,-0.163779744
0,-0.196267159,-0.376915176,1.039319863,1.441249255,-0.702639787,-1.16362635,Rainfed,Estaca,-0.0837667
0,-0.196267159,-0.376915176,1.039319863,1.441249255,-0.702639787,-0.074772989,Rainfed,Estaca,-0.077220178
0,-0.259965459,-0.147788301,0.915398105,1.441249255,-0.702639787,-1.027849506,Rainfed,Estaca,0.033343301
0,-0.323663759,-0.147788301,1.012211979,1.581136661,-0.702639787,-1.13648221,Rainfed,Estaca,-0.23942844
0,-0.435135784,-0.147788301,0.876672556,1.581136661,-0.702639787,-1.284063207,Rainfed,Estaca,-0.135411483
0,0.042601467,-0.376915176,1.012211979,0.881699632,-0.702639787,-0.927355329,Rainfed,Estaca,-0.243792788
0,0.042601467,-0.376915176,1.012211979,0.881699632,-0.702639787,-0.671327104,Rainfed,Estaca,-0.149959309
0,-0.116644284,-0.376915176,1.004466869,1.161474443,-0.702639787,-1.312691512,Rainfed,Estaca,-0.280817006
0,-0.323663759,-0.147788301,1.016084534,1.581136661,-0.702639787,-0.618270684,Rainfed,Vivero,-0.225608006
0,0.090375192,-0.376915176,1.20971228,1.161474443,-0.702639787,-0.533588303,Rainfed,Estaca,-0.141958005
0,0.058526042,-0.376915176,1.074172858,1.161474443,-0.702639787,-0.507074253,Rainfed,Estaca,-0.156869527
0,0.313319242,-0.376915176,1.101280742,0.881699632,-0.702639787,1.418170632,Rainfed,Estaca,-0.02848496
0,-0.037021409,-0.376915176,0.988976649,1.301361849,-0.702639787,0.695042073,Irrigated,Vivero,0.063166345
0,0.090375192,-0.376915176,1.078045413,1.301361849,-0.702639787,0.444812273,Irrigated,Vivero,-0.149959309
0,0.090375192,-0.376915176,1.078045413,1.301361849,-0.702639787,0.495237896,Rainfed,Vivero,0.686540698
0,0.058526042,-0.376915176,1.074172858,1.161474443,-0.702639787,1.968709229,Rainfed,Estaca,-0.213969745
0,-0.021096833,-0.606042051,0.94250599,1.021587038,-0.702639787,-0.13021714,Irrigated,Estaca,0.508329827
0,-0.021096833,-0.606042051,0.94250599,1.021587038,-0.702639787,-0.256945873,Irrigated,Estaca,-0.205241049
0,-0.323663759,-0.147788301,1.016084534,1.581136661,-0.702639787,-1.358567131,Rainfed,Estaca,-0.248157136
0,-0.323663759,-0.147788301,1.016084534,1.581136661,-0.702639787,-1.13817199,Rainfed,Estaca,-0.23942844
0,-0.323663759,-0.147788301,1.016084534,1.581136661,-0.702639787,-1.343583507,Rainfed,Estaca,-0.212296745
0,-0.498834084,-0.147788301,0.830201897,1.581136661,-0.702639787,-1.306336918,Rainfed,Vivero,-0.257613223
0,-0.323663759,-0.147788301,1.016084534,1.581136661,-0.702639787,-0.775411547,Rainfed,Estaca,-0.18341931
0,-0.371437484,-0.376915176,0.94250599,1.581136661,-0.702639787,-0.795383038,Rainfed,Estaca,-0.259795397
0,0.472564992,0.310465449,-0.552300215,-1.216611456,1.344978399,0.503160863,Rainfed,Vivero,0.173729824
0,0.472564992,0.310465449,-0.544555105,-1.496386267,1.344978399,-0.291684527,Rainfed,Estaca,0.09953591
0,0.775131918,0.081338574,-0.474849116,-1.496386267,1.344978399,0.201945866,Rainfed,Estaca,-0.049579308
0,0.392942117,0.081338574,-0.637496423,-1.356498861,1.344978399,-1.606092076,Rainfed,Estaca,-0.206695831
0,0.392942117,0.081338574,-0.637496423,-1.356498861,1.344978399,-1.060467107,Rainfed,Estaca,-0.1172267
0,-2.744199162,1.914353574,-4.591375011,-2.055935891,1.344978399,0.746333089,Rainfed,Estaca,-0.237973658
0,-1.008420485,0.310465449,-0.374162688,0.462037414,1.344978399,-1.606092076,Rainfed,Estaca,-0.278707571
0,-1.008420485,0.310465449,-0.374162688,0.462037414,1.344978399,-0.619352757,Rainfed,Estaca,-0.23360931
0,-0.514758659,0.081338574,0.044073245,0.462037414,1.344978399,-1.248652219,Irrigated,Vivero,-0.213242353
0,-1.040269635,0.310465449,-0.401270572,0.462037414,1.344978399,-1.606092076,Rainfed,Estaca,-0.271433658
0,-0.99249591,0.081338574,-0.381907798,0.462037414,1.344978399,-0.269323656,Rainfed,Estaca,-0.259795397
0,-2.441632237,0.768719199,-2.720930978,-1.07672405,1.344978399,0.873541632,Irrigated,Vivero,-0.169598875
0,-0.753627284,-0.147788301,-0.927938043,-0.936836644,1.344978399,1.141862692,Irrigated,Estaca,-0.208150614
0,-1.24728911,0.081338574,-1.140928565,-0.657061832,1.344978399,-0.353016253,Irrigated,Estaca,0.077714171
0,-2.807897462,0.997846074,-3.456716415,-1.496386267,1.344978399,0.99672981,Irrigated,Estaca,-0.246702354
0,-2.441632237,0.768719199,-2.697695648,-1.216611456,1.344978399,2.10704716,Irrigated,Estaca,-0.216151918
0,-2.441632237,0.768719199,-2.697695648,-1.216611456,1.344978399,1.774572518,Irrigated,Estaca,0.024614605
0,-1.963894986,0.539592324,-2.070341749,-0.796949238,1.344978399,0.757133192,Irrigated,Estaca,-0.275798006
0,-2.441632237,0.768719199,-2.720930978,-1.07672405,1.344978399,1.253942259,Irrigated,Estaca,-0.275725267
0,-0.912873035,0.310465449,-0.304456699,0.60192482,1.344978399,0.281044451,Rainfed,Estaca,-0.168144092
0,-0.912873035,0.310465449,-0.304456699,0.60192482,1.344978399,0.369057919,Rainfed,Estaca,-0.232154527
0,-1.549856036,0.310465449,-1.539801723,-0.377287021,1.344978399,0.212350554,Irrigated,Estaca,-0.262704962
0,-1.916121261,0.310465449,-1.907694442,-0.517174426,1.344978399,-1.534209541,Irrigated,Estaca,-0.270706267
0,-1.916121261,0.310465449,-1.907694442,-0.517174426,1.344978399,0.29522035,Irrigated,Estaca,-0.264159745
0,-1.916121261,0.310465449,-1.907694442,-0.517174426,1.344978399,-0.821238953,Irrigated,Estaca,-0.245247571
0,-1.916121261,0.310465449,-1.907694442,-0.517174426,1.344978399,-0.294131672,Irrigated,Estaca,-0.280889745
0,-2.186839036,0.539592324,-2.418871693,-0.936836644,1.344978399,2.814973687,Irrigated,Estaca,-0.265614528
0,-1.34283656,0.081338574,-1.38877208,-0.517174426,1.344978399,6.872042441,Irrigated,Estaca,-0.283071919
0,0.631810742,0.997846074,-0.560045324,-0.097512209,-0.702639787,0.228347418,Rainfed,Estaca,-0.127628396
0,1.029925118,1.456099824,-1.063477466,-0.936836644,1.344978399,-0.582589162,Irrigated,Vivero,0.574522436
1,0.504414142,1.456099824,-1.319066092,-0.796949238,1.344978399,-0.991903447,Irrigated,Vivero,1.211717224
0,0.281470092,1.456099824,-0.927938043,0.182262603,-0.702639787,-0.286076887,Rainfed,Estaca,-0.260522788
0,0.552187867,1.456099824,-1.229997328,-0.517174426,1.344978399,-0.93289715,Rainfed,Vivero,0.35485026
0,0.552187867,0.539592324,0.04020069,0.182262603,-0.702639787,0.983598921,Rainfed,Vivero,0.213008955
0,0.392942117,0.768719199,-0.389652907,-0.097512209,-0.702639787,-0.198785372,Rainfed,Estaca,-0.176872788
0,0.217771792,0.768719199,-0.552300215,-0.097512209,-0.702639787,-0.29395736,Rainfed,Estaca,-0.264887136
0,0.217771792,0.768719199,-0.552300215,-0.097512209,-0.702639787,-0.472271661,Rainfed,Estaca,-0.256449397
0,0.217771792,0.768719199,-0.552300215,-0.097512209,-0.702639787,-0.496290259,Rainfed,Estaca,-0.251066701
0,0.217771792,0.768719199,-0.552300215,-0.097512209,-0.702639787,-0.385091405,Rainfed,Estaca,-0.209605397
0,0.392942117,0.768719199,-0.389652907,-0.097512209,-0.702639787,-1.179120079,Rainfed,Estaca,-0.248884527
0,-0.116644284,1.226972949,-1.346173976,-0.517174426,-0.702639787,1.188414127,Rainfed,Estaca,-0.238846527
0,-0.148493434,1.226972949,-1.295830762,-0.517174426,-0.702639787,1.12731423,Rainfed,Estaca,-0.038304743
0,-0.164418009,1.226972949,-0.978281257,-0.097512209,1.344978399,1.718016879,Rainfed,Estaca,-0.253248875
0,0.759207343,0.768719199,-0.350927358,-0.237399615,1.344978399,-0.633009852,Rainfed,Vivero,-0.048851917
0,0.552187867,0.768719199,-0.389652907,-0.097512209,1.344978399,-0.070677291,Rainfed,Vivero,-0.158688005
0,0.074450617,0.997846074,-0.804016285,-0.097512209,-0.702639787,-0.937877598,Rainfed,Estaca,-0.185601483
0,0.870679368,1.456099824,-1.086712796,-0.657061832,1.344978399,-1.101110387,Irrigated,Estaca,0.84292983
0,-0.530683234,1.226972949,-1.408134855,-0.097512209,1.344978399,1.077495555,Rainfed,Estaca,-0.137157222
0,-0.164418009,0.997846074,-0.912447823,0.042375197,-0.702639787,0.439753048,Rainfed,Estaca,-0.124500613
0,-0.052945984,0.997846074,-0.691712192,0.182262603,-0.702639787,-0.770726684,Rainfed,Estaca,-0.156505831
0,-0.259965459,1.456099824,-1.504948728,-0.377287021,-0.702639787,-0.290351599,Rainfed,Estaca,-0.12813757
0,-0.212191734,0.997846074,-1.017006807,-0.097512209,1.344978399,0.338684464,Rainfed,Estaca,-0.016119308
0,0.806981068,0.997846074,-0.428378457,-0.097512209,-0.702639787,1.59888283,Rainfed,Estaca,-0.208150614
0,0.950302243,1.226972949,-1.047987246,-0.796949238,1.344978399,-0.685921567,Rainfed,Estaca,-0.043760178
0,0.950302243,1.226972949,-1.047987246,-0.796949238,1.344978399,-0.512561461,Rainfed,Estaca,-0.040850613
0,0.870679368,1.226972949,-1.001516587,-0.936836644,1.344978399,-0.050568607,Rainfed,Estaca,-0.041578004
0,0.536263292,1.226972949,-0.916320378,-0.097512209,1.344978399,-0.065614047,Rainfed,Estaca,-0.155051048
0,-0.562532384,1.226972949,-1.477840844,-0.097512209,-0.702639787,1.586312093,Irrigated,Vivero,0.335210695
0,-0.228116309,1.226972949,-1.288085652,-0.377287021,-0.702639787,-0.454055028,Rainfed,Vivero,-0.179054962
0,-0.403286634,1.226972949,-1.41200741,-0.097512209,1.344978399,-0.742236343,Irrigated,Vivero,-0.166689309
0,-0.228116309,1.226972949,-1.288085652,-0.377287021,-0.702639787,-0.602697276,Irrigated,Vivero,-0.22269844
0,-0.259965459,1.685226699,-1.559164497,-0.097512209,-0.702639787,0.5757167,Rainfed,Estaca,-0.23360931
0,0.568112442,0.997846074,-0.714947522,-0.237399615,-0.702639787,0.34905859,Rainfed,Vivero,0.199915911
0,0.568112442,0.997846074,-0.714947522,-0.237399615,-0.702639787,0.524546457,Rainfed,Estaca,-0.244156484
0,0.440715842,0.997846074,-0.80788884,-0.237399615,-0.702639787,0.606498106,Rainfed,Estaca,-0.238919267
0,0.599961592,0.768719199,-0.420633347,-0.237399615,-0.702639787,-0.346509572,Rainfed,Estaca,-0.224880614
0,0.663659892,0.997846074,-0.374162688,-0.097512209,-0.702639787,-0.560832224,Irrigated,Vivero,-0.196512353
0,-0.451060359,1.456099824,-1.384899525,-0.237399615,-0.702639787,-1.606092076,Irrigated,Estaca,-0.242338006
0,0.998075968,0.768719199,-0.176662386,-0.237399615,-0.702639787,0.074026683,Rainfed,Estaca,-0.244011006
0,0.552187867,0.768719199,-0.389652907,-0.097512209,-0.702639787,-0.801087764,Rainfed,Estaca,-0.080129743
0,0.998075968,0.768719199,-0.176662386,-0.237399615,-0.702639787,0.10771142,Rainfed,Estaca,0.073349823
0,1.141397143,0.539592324,0.036328135,-0.377287021,-0.702639787,-0.338199109,Rainfed,Estaca,-0.163052353
1,0.154073492,0.768719199,-0.319946919,0.462037414,-0.702639787,1.026283769,Rainfed,Vivero,0.583251132
1,0.154073492,0.768719199,-0.319946919,0.462037414,-0.702639787,1.279145328,Rainfed,Vivero,-0.096859744
0,0.392942117,1.456099824,-1.439115295,-0.657061832,1.344978399,-0.780277017,Irrigated,Vivero,1.109882441
0,0.631810742,1.456099824,-0.82337906,-0.097512209,1.344978399,-0.309278076,Rainfed,Estaca,-0.099769309
0,0.520338717,1.456099824,-1.040242136,-0.097512209,-0.702639787,-0.830426691,Rainfed,Estaca,-0.0670367
0,0.424791267,0.539592324,-0.017887634,0.182262603,-0.702639787,0.925753257,Rainfed,Estaca,-0.17832757
0,0.424791267,0.539592324,-0.017887634,0.182262603,-0.702639787,0.814058289,Rainfed,Estaca,-0.063399743
0,0.599961592,0.768719199,-0.420633347,-0.237399615,1.344978399,-1.093550076,Rainfed,Estaca,-0.160870179
0,0.679584467,0.997846074,-0.52519233,-0.237399615,-0.702639787,0.017331442,Rainfed,Estaca,-0.179054962
0,0.440715842,0.997846074,-0.780780956,-0.097512209,-0.702639787,1.049511574,Rainfed,Vivero,-0.204513658
0,0.552187867,0.768719199,-0.389652907,-0.097512209,1.344978399,-0.866442563,Rainfed,Estaca,-0.23942844
0,0.599961592,1.456099824,-0.83886928,0.042375197,-0.702639787,0.394885584,Rainfed,Estaca,-0.221243658
0,0.424791267,1.456099824,-0.962791038,0.182262603,-0.702639787,-0.403968478,Rainfed,Estaca,-0.01175496
0,0.584037017,1.456099824,-1.373281861,-0.796949238,1.344978399,-0.045918071,Rainfed,Vivero,0.744732003
0,0.584037017,1.456099824,-1.276467987,-0.796949238,1.344978399,0.043892915,Rainfed,Estaca,0.993499831
0,0.249620942,0.768719199,-0.416760792,0.182262603,-0.702639787,0.679092623,Rainfed,Estaca,-0.17832757
0,0.249620942,0.768719199,-0.416760792,0.182262603,-0.702639787,0.173600569,Rainfed,Estaca,-0.235064093
0,0.504414142,0.997846074,-0.54842766,-0.237399615,1.344978399,1.008817283,Rainfed,Estaca,-0.204513658
0,0.074450617,0.997846074,-0.54068255,0.322150009,-0.702639787,-0.60485952,Rainfed,Estaca,-0.245247571
0,-0.419211209,0.997846074,-1.319066092,-0.097512209,-0.702639787,0.984531025,Rainfed,Estaca,-0.158688005
0,0.822905643,0.539592324,0.167995003,0.182262603,-0.702639787,1.708084913,Rainfed,Estaca,-0.157233222
0,0.249620942,0.768719199,-0.188280051,0.182262603,-0.702639787,0.90950587,Rainfed,Estaca,-0.212514962
1,0.265545517,0.768719199,-0.106956397,0.322150009,-0.702639787,0.852819505,Rainfed,Estaca,2.403184191
0,0.822905643,0.997846074,-0.339309693,-0.237399615,-0.702639787,-0.371981005,Rainfed,Estaca,-0.101951483
0,-0.228116309,0.997846074,-1.067350021,-0.097512209,1.344978399,0.52555878,Rainfed,Estaca,-0.240883223
0,0.361092967,0.997846074,-0.718820077,0.182262603,-0.702639787,-0.103232408,Rainfed,Estaca,-0.120136266
0,0.361092967,0.997846074,-0.718820077,0.182262603,-0.702639787,-0.073638657,Rainfed,Estaca,-0.217606701
0,-0.307739184,1.456099824,-1.539801723,-0.377287021,1.344978399,0.073428466,Irrigated,Estaca,-0.168144092
0,-0.116644284,1.226972949,-1.346173976,-0.517174426,1.344978399,1.837531357,Rainfed,Estaca,-0.194330179
0,0.265545517,0.768719199,-0.215387935,0.182262603,-0.702639787,1.605272281,Rainfed,Vivero,-0.246484136
0,0.265545517,0.768719199,-0.215387935,0.182262603,-0.702639787,1.104874025,Rainfed,Vivero,-0.232881919
0,0.854754793,0.997846074,-0.378035243,0.042375197,-0.702639787,1.588218931,Rainfed,Estaca,-0.247429745
0,0.647735317,0.768719199,-0.389652907,-0.237399615,-0.702639787,0.532724887,Rainfed,Estaca,0.004247649
0,0.392942117,0.768719199,-0.389652907,-0.097512209,-0.702639787,0.552213739,Rainfed,Estaca,-0.158688005
1,0.217771792,1.456099824,-1.481713399,-0.517174426,-0.702639787,-0.008570705,Irrigated,Vivero,0.343939391
0,0.663659892,0.997846074,-0.374162688,-0.097512209,-0.702639787,0.210106482,Rainfed,Estaca,-0.217606701
1,0.679584467,0.997846074,-0.52519233,-0.237399615,-0.702639787,-0.213802351,Rainfed,Vivero,-0.013209743
1,0.918453093,1.226972949,-0.889212494,-0.377287021,1.344978399,0.116538326,Rainfed,Vivero,1.773990707
0,0.424791267,1.456099824,-1.102203015,-0.097512209,-0.702639787,-1.000555414,Rainfed,Vivero,-0.070819135
0,0.615886167,1.226972949,-1.11382068,-0.657061832,1.344978399,0.634387586,Rainfed,Estaca,-0.055398439
0,0.329243817,1.685226699,-1.43524274,-0.657061832,1.344978399,0.254549633,Rainfed,Estaca,-0.202331484
1,0.998075968,0.768719199,-0.176662386,-0.237399615,-0.702639787,-0.361021233,Rainfed,Vivero,0.073349823
0,1.300642893,0.539592324,0.009220251,-0.517174426,-0.702639787,0.505934419,Rainfed,Estaca,-0.265614528
0,0.727358193,0.539592324,-0.254113485,-0.097512209,-0.702639787,-0.730119012,Rainfed,Estaca,-0.250848484
0,0.647735317,0.768719199,-0.389652907,-0.237399615,-0.702639787,0.276420742,Rainfed,Estaca,-0.1339567
0,0.743282768,1.226972949,-1.160291339,-0.936836644,1.344978399,-0.975718123,Rainfed,Estaca,0.437045478
1,0.392942117,1.456099824,-1.439115295,-0.657061832,1.344978399,-0.442657534,Irrigated,Vivero,0.141724606
0,0.329243817,1.685226699,-1.43524274,-0.657061832,1.344978399,0.07433853,Rainfed,Estaca,-0.117954092
0,0.392942117,1.456099824,-1.439115295,-0.657061832,1.344978399,-0.635913688,Rainfed,Vivero,-0.211060179
0,0.392942117,1.456099824,-1.439115295,-0.657061832,1.344978399,-0.943234897,Rainfed,Vivero,-0.093950178
0,1.300642893,0.539592324,0.009220251,-0.517174426,-0.702639787,0.358477969,Rainfed,Estaca,-0.151414092
0,0.854754793,0.997846074,-0.323819473,-0.237399615,-0.702639787,-0.806163507,Rainfed,Estaca,-0.259795397
0,0.854754793,0.997846074,-0.323819473,-0.237399615,-0.702639787,-0.402286375,Rainfed,Estaca,-0.252521484
0,0.822905643,0.768719199,-0.126319172,-0.097512209,-0.702639787,0.197271068,Rainfed,Estaca,-0.119408874
1,0.536263292,1.226972949,-1.260977768,-0.796949238,1.344978399,-0.541750618,Irrigated,Estaca,0.346121565
1,0.504414142,1.456099824,-1.319066092,-0.796949238,1.344978399,-0.897687263,Irrigated,Vivero,0.526878305
0,0.536263292,1.226972949,-1.260977768,-0.796949238,1.344978399,-1.595118521,Rainfed,Estaca,-0.197239744
0,0.265545517,0.768719199,-0.215387935,0.182262603,-0.702639787,0.060950824,Rainfed,Estaca,0.410132
0,0.392942117,0.539592324,-0.165044721,0.182262603,-0.702639787,1.708088507,Rainfed,Estaca,-0.175418005
1,0.552187867,0.539592324,0.04020069,0.182262603,-0.702639787,0.687747984,Rainfed,Estaca,0.235558085
0,0.249620942,0.768719199,-0.416760792,0.182262603,-0.702639787,-0.190572609,Rainfed,Estaca,-0.137593657
0,0.201847217,1.226972949,-0.970536147,0.042375197,-0.702639787,0.450709858,Rainfed,Estaca,-0.064854526
0,0.201847217,1.226972949,-0.970536147,0.042375197,-0.702639787,-0.68720218,Rainfed,Estaca,-0.276525397
0,-0.451060359,1.456099824,-1.384899525,-0.237399615,-0.702639787,-1.606092076,Irrigated,Vivero,-0.243792788
1,-0.259965459,1.685226699,-1.559164497,-0.097512209,-0.702639787,0.5952483,Irrigated,Vivero,-0.139775831
0,0.950302243,-0.376915176,1.267800604,0.462037414,-0.702639787,1.239079436,Rainfed,Estaca,-0.251066701
0,1.284718318,-0.376915176,1.147751401,0.042375197,-0.702639787,0.099068692,Rainfed,Estaca,-0.272161049
0,0.759207343,-0.147788301,1.201967171,0.60192482,-0.702639787,0.281886089,Rainfed,Estaca,-0.273615832
0,0.759207343,-0.147788301,1.201967171,0.60192482,-0.702639787,0.26885912,Rainfed,Estaca,-0.266341919
0,0.838830218,-0.147788301,1.136133737,0.60192482,-0.702639787,0.340114476,Rainfed,Estaca,-0.266341919
0,0.727358193,-0.376915176,1.186476951,0.60192482,-0.702639787,0.842083545,Rainfed,Estaca,-0.273615832
0,0.950302243,-0.376915176,1.058682638,0.462037414,-0.702639787,0.067391556,Rainfed,Vivero,-0.254703658
0,0.950302243,-0.376915176,1.058682638,0.462037414,-0.702639787,0.012403923,Rainfed,Estaca,-0.27798018
0,0.950302243,-0.376915176,1.058682638,0.462037414,-0.702639787,-0.420187042,Rainfed,Vivero,-0.23942844
0,0.950302243,-0.376915176,1.058682638,0.462037414,-0.702639787,0.218444829,Rainfed,Vivero,-0.278707571
0,-0.674004409,0.081338574,0.408093409,1.441249255,-0.702639787,0.097989993,Rainfed,Estaca,-0.262704962
0,-0.578456959,-0.147788301,0.539760277,1.441249255,-0.702639787,-0.121231547,Rainfed,Estaca,4.410784207
0,0.615886167,-0.147788301,1.058682638,0.741812226,-0.702639787,0.203281064,Rainfed,Estaca,-0.225608006
0,0.886603943,-0.147788301,1.047064973,0.462037414,-0.702639787,0.412422668,Rainfed,Estaca,-0.278853049
0,1.635058969,-0.376915176,1.012211979,-0.657061832,-0.702639787,-0.081801349,Rainfed,Estaca,-0.269251484
0,1.635058969,-0.376915176,1.012211979,-0.657061832,-0.702639787,1.015108998,Rainfed,Estaca,-0.246702354
0,1.380265768,-0.376915176,1.093535632,-0.237399615,-0.702639787,1.004125202,Rainfed,Estaca,-0.249611919
0,0.886603943,-0.147788301,1.047064973,0.462037414,-0.702639787,0.795134856,Rainfed,Estaca,-0.259068006
1,0.886603943,-0.147788301,1.047064973,0.462037414,-0.702639787,-0.066733521,Rainfed,Vivero,-0.159415396
1,-0.068870559,0.310465449,0.849564672,1.441249255,-0.702639787,0.137815354,Rainfed,Vivero,4.658097253
1,-0.466984934,0.081338574,0.578485826,1.441249255,-0.702639787,-1.383058246,Irrigated,Estaca,-0.271433658
0,0.727358193,-0.147788301,1.008339424,0.741812226,-0.702639787,-0.123256356,Rainfed,Estaca,-0.280889745
0,0.520338717,0.539592324,0.396475744,0.60192482,-0.702639787,-0.122591435,Rainfed,Estaca,-0.237973658
0,0.695509042,0.539592324,0.466181733,0.462037414,-0.702639787,2.082795856,Rainfed,Estaca,-0.254703658
0,0.695509042,0.539592324,0.466181733,0.462037414,-0.702639787,1.69400141,Rainfed,Estaca,-0.282344528
0,0.695509042,0.539592324,0.466181733,0.462037414,-0.702639787,1.331816268,Rainfed,Estaca,-0.241610614
0,0.520338717,0.539592324,0.396475744,0.60192482,-0.702639787,0.643503185,Rainfed,Estaca,-0.257613223
0,0.520338717,0.539592324,0.396475744,0.60192482,-0.702639787,0.300370151,Rainfed,Vivero,-0.25033931
0,1.125472568,0.310465449,0.752750798,0.462037414,-0.702639787,2.050465774,Rainfed,Vivero,-0.176145396
0,1.507662369,0.081338574,0.803094012,0.042375197,-0.702639787,2.712804076,Rainfed,Estaca,-0.203786266
0,1.348416618,0.081338574,0.857309781,0.322150009,-0.702639787,2.981141098,Rainfed,Vivero,-0.256158441
1,1.348416618,0.081338574,0.857309781,0.322150009,-0.702639787,1.441993505,Irrigated,Estaca,-0.23942844
1,0.233696367,0.768719199,0.020837916,0.741812226,-0.702639787,-0.526813284,Rainfed,Vivero,-0.055398439
0,1.173246293,0.081338574,0.586230936,-0.097512209,-0.702639787,2.307011603,Rainfed,Estaca,-0.003026265
0,1.730606419,-0.147788301,0.787603793,-0.517174426,-0.702639787,0.732928907,Rainfed,Estaca,-0.256885832
0,0.584037017,0.310465449,0.462309178,0.462037414,-0.702639787,-0.610556072,Rainfed,Estaca,-0.224880614
1,0.584037017,0.310465449,0.462309178,0.462037414,-0.702639787,0.054853261,Rainfed,Estaca,-0.208150614
0,0.966226818,0.081338574,0.698535029,0.322150009,-0.702639787,0.865676441,Rainfed,Vivero,-0.058308004
0,0.584037017,0.310465449,0.497162173,0.741812226,-0.702639787,0.639403366,Rainfed,Estaca,-0.232154527
1,0.679584467,0.539592324,0.423583629,0.462037414,-0.702639787,1.673038202,Rainfed,Estaca,-0.22269844
0,1.061774268,0.539592324,0.388730634,0.322150009,-0.702639787,1.613247392,Rainfed,Estaca,0.08280591
0,1.061774268,0.539592324,0.388730634,0.322150009,-0.702639787,-0.648615848,Rainfed,Estaca,-0.280162354
0,1.061774268,0.539592324,0.388730634,0.322150009,-0.702639787,1.045600965,Rainfed,Estaca,-0.26706931
1,0.838830218,0.768719199,0.276426541,0.322150009,-0.702639787,0.313354252,Rainfed,Vivero,0.215191129
0,1.061774268,0.539592324,0.388730634,0.322150009,-0.702639787,2.00498858,Rainfed,Estaca,-0.168144092
0,1.730606419,-0.147788301,1.027702198,-0.377287021,-0.702639787,0.061966024,Rainfed,Estaca,-0.212514962
0,1.109547993,0.310465449,0.578485826,0.182262603,-0.702639787,0.301545066,Rainfed,Estaca,-0.17250844
0,0.806981068,0.081338574,0.675299699,0.462037414,-0.702639787,0.44911486,Rainfed,Estaca,-0.179054962
1,1.587285244,-0.147788301,0.896035331,-0.377287021,-0.702639787,-0.368680218,Rainfed,Estaca,-0.125228005
0,0.711433617,0.539592324,0.702407584,0.462037414,-0.702639787,-0.466051372,Rainfed,Estaca,-0.23360931
1,0.329243817,0.768719199,0.144759674,0.60192482,-0.702639787,0.504825613,Rainfed,Estaca,-0.129592353
0,1.428039493,0.310465449,0.903780441,0.182262603,-0.702639787,0.080467823,Rainfed,Estaca,-0.208150614
1,1.475813219,0.310465449,1.062555193,0.042375197,-0.702639787,0.719149879,Rainfed,Estaca,-0.099769309
0,1.985399619,-0.147788301,1.062555193,-0.657061832,-0.702639787,0.186677264,Rainfed,Estaca,-0.160142788
0,1.985399619,-0.147788301,1.062555193,-0.657061832,-0.702639787,-0.590363647,Rainfed,Vivero,-0.269978875
0,1.348416618,0.081338574,0.985104094,0.042375197,-0.702639787,0.350623746,Rainfed,Estaca,-0.258340614
0,1.348416618,0.081338574,0.985104094,0.042375197,-0.702639787,0.657378754,Rainfed,Estaca,-0.231427136
1,1.985399619,-0.147788301,1.062555193,-0.657061832,-0.702639787,-0.073914043,Rainfed,Vivero,0.368670695
1,1.014000543,0.310465449,0.679172254,0.322150009,-0.702639787,1.673442635,Rainfed,Vivero,-0.175418005
0,1.889852169,-0.147788301,0.915398105,-0.796949238,-0.702639787,0.858576576,Rainfed,Vivero,-0.107770613
0,1.889852169,-0.147788301,0.969613874,-0.657061832,-0.702639787,1.123112319,Rainfed,Estaca,0.058801997
0,1.889852169,-0.147788301,0.969613874,-0.657061832,-0.702639787,0.261909344,Rainfed,Estaca,-0.269251484
1,1.061774268,0.310465449,0.714025249,0.182262603,-0.702639787,-0.007661122,Rainfed,Vivero,-0.090313222
0,1.475813219,0.081338574,1.027702198,-0.097512209,-0.702639787,1.08342447,Rainfed,Estaca,-0.269251484
0,1.889852169,-0.147788301,0.969613874,-0.657061832,-0.702639787,-0.060097385,Rainfed,Estaca,-0.229972353
0,1.889852169,-0.147788301,0.969613874,-0.657061832,-0.702639787,0.378863048,Rainfed,Estaca,-0.218334092
0,1.889852169,-0.147788301,0.969613874,-0.657061832,-0.702639787,-0.041840953,Rainfed,Estaca,-0.208150614
0,1.889852169,-0.147788301,0.969613874,-0.657061832,-0.702639787,0.663421531,Rainfed,Estaca,-0.0670367
0,1.889852169,-0.147788301,0.969613874,-0.657061832,-0.702639787,0.206024627,Rainfed,Estaca,-0.230699745
1,1.889852169,-0.147788301,0.969613874,-0.657061832,-0.702639787,0.3392874,Rainfed,Estaca,-0.215424527
0,1.523586944,0.081338574,0.923143215,-0.237399615,-0.702639787,0.938966476,Rainfed,Estaca,-0.204513658
0,1.682832694,-0.147788301,0.899907886,-0.517174426,-0.702639787,0.626544119,Rainfed,Estaca,-0.201604092
0,1.364341193,-0.147788301,0.996721759,-0.097512209,-0.702639787,1.929656352,Rainfed,Estaca,-0.20014931
0,1.905776744,0.081338574,0.892162776,-0.377287021,-0.702639787,2.727385066,Rainfed,Estaca,-0.214697136
0,1.428039493,0.310465449,0.903780441,0.182262603,-0.702639787,0.946336934,Rainfed,Estaca,-0.212514962
0,1.348416618,0.081338574,0.857309781,0.322150009,-0.702639787,-0.667535637,Rainfed,Estaca,-0.216151918
0,1.284718318,0.310465449,0.899907886,0.322150009,-0.702639787,0.219202012,Rainfed,Estaca,-0.176872788
0,1.284718318,0.310465449,0.899907886,0.322150009,-0.702639787,0.08145469,Rainfed,Estaca,-0.147777135
0,0.711433617,0.539592324,0.702407584,0.462037414,-0.702639787,0.100786728,Rainfed,Estaca,-0.095841396
1,0.361092967,0.310465449,0.160249893,0.322150009,-0.702639787,1.224611652,Rainfed,Estaca,-0.08958583
0,1.396190343,0.310465449,0.65206437,-0.237399615,-0.702639787,2.091809649,Rainfed,Estaca,-0.197967136
0,1.396190343,0.310465449,0.65206437,-0.237399615,-0.702639787,1.490793408,Rainfed,Estaca,-0.245974962
0,1.396190343,0.310465449,0.65206437,-0.237399615,-0.702639787,0.951872179,Rainfed,Estaca,-0.245974962
0,1.396190343,0.310465449,0.65206437,-0.237399615,-0.702639787,1.775233002,Rainfed,Estaca,-0.276525397
0,1.189170868,0.310465449,0.686917364,0.042375197,-0.702639787,0.515825485,Rainfed,Estaca,-0.263432354
0,0.488489567,0.310465449,0.373240415,0.60192482,-0.702639787,0.332570898,Rainfed,Estaca,-0.226335397
0,1.189170868,0.310465449,0.686917364,0.042375197,-0.702639787,0.286022932,Rainfed,Estaca,-0.274343223
0,0.791056493,0.310465449,0.555250497,0.462037414,-0.702639787,0.302517712,Rainfed,Estaca,-0.235064093
0,0.584037017,0.310465449,0.497162173,0.741812226,-0.702639787,0.718598777,Rainfed,Estaca,-0.254703658
0,0.584037017,0.539592324,0.37711297,0.462037414,-0.702639787,0.338170094,Rainfed,Estaca,-0.153596266
0,0.791056493,0.310465449,0.555250497,0.462037414,-0.702639787,1.249890807,Rainfed,Estaca,-0.274343223
0,0.966226818,0.081338574,0.698535029,0.322150009,-0.702639787,-0.221396419,Irrigated,Estaca,-0.227790179
1,0.966226818,0.081338574,0.698535029,0.322150009,-0.702639787,0.071172556,Irrigated,Estaca,-0.187056266
0,0.886603943,0.539592324,0.597848601,0.462037414,-0.702639787,0.857695439,Rainfed,Estaca,0.061711562
1,2.096871644,-0.376915176,0.892162776,-1.07672405,-0.702639787,0.377508279,Rainfed,Vivero,-0.254703658
0,1.221020018,0.081338574,0.93476088,0.042375197,-0.702639787,-0.135571149,Rainfed,Estaca,0.547608958
1,1.061774268,0.310465449,0.92701577,0.322150009,-0.702639787,0.080146476,Irrigated,Estaca,0.762916785
0,0.408866692,0.539592324,0.33838742,0.741812226,-0.702639787,1.726210661,Rainfed,Vivero,-0.232154527
0,1.364341193,-0.147788301,0.996721759,-0.097512209,-0.702639787,0.933799219,Rainfed,Vivero,-0.165234527
0,1.730606419,-0.147788301,0.787603793,-0.517174426,-0.702639787,2.445910595,Rainfed,Estaca,-0.167416701
0,1.523586944,0.081338574,0.923143215,-0.237399615,-0.702639787,0.006818831,Rainfed,Estaca,-0.196512353
0,1.523586944,0.081338574,0.923143215,-0.237399615,-0.702639787,0.687585576,Rainfed,Estaca,-0.232881919
0,0.695509042,0.539592324,0.466181733,0.462037414,-0.702639787,-0.5616922,Rainfed,Vivero,-0.251794093
0,0.695509042,0.539592324,0.466181733,0.462037414,-0.702639787,-0.086383987,Rainfed,Vivero,-0.139775831
0,0.647735317,0.310465449,0.408093409,0.462037414,-0.702639787,1.908355053,Rainfed,Estaca,-0.249611919
0,1.045849693,0.310465449,0.795348902,0.322150009,-0.702639787,0.933738467,Rainfed,Estaca,-0.208878005
0,0.711433617,0.539592324,0.702407584,0.462037414,-0.702639787,0.798438117,Rainfed,Estaca,-0.262704962
0,1.014000543,0.310465449,0.679172254,0.322150009,-0.702639787,0.148750125,Rainfed,Vivero,-0.219788875
0,1.348416618,0.081338574,0.985104094,0.042375197,-0.702639787,-0.175271306,Rainfed,Vivero,-0.26125018
0,0.998075968,0.081338574,0.903780441,0.462037414,-0.702639787,-0.149655352,Rainfed,Vivero,-0.181964527
0,1.029925118,0.081338574,0.632701595,0.182262603,-0.702639787,0.158489141,Rainfed,Vivero,-0.146322353
0,1.603209819,0.081338574,1.008339424,-0.237399615,-0.702639787,-0.360391293,Rainfed,Vivero,-0.212442223
0,1.603209819,0.081338574,1.008339424,-0.237399615,-0.702639787,-0.109497406,Rainfed,Estaca,-0.080857135
0,1.603209819,0.081338574,1.008339424,-0.237399615,-0.702639787,0.117392365,Rainfed,Estaca,-0.27798018
0,1.603209819,0.081338574,1.008339424,-0.237399615,-0.702639787,0.025494144,Rainfed,Estaca,-0.275798006
0,1.603209819,0.081338574,1.008339424,-0.237399615,-0.702639787,0.106886713,Rainfed,Estaca,-0.242338006
0,0.584037017,0.310465449,0.462309178,0.462037414,-0.702639787,-0.332109612,Rainfed,Vivero,-0.21687931
0,0.361092967,0.310465449,0.160249893,0.322150009,-0.702639787,0.208415389,Rainfed,Estaca,-0.208150614
0,1.539511519,0.310465449,0.520397502,-0.377287021,-0.702639787,0.882285422,Rainfed,Estaca,-0.152868874
0,1.555436094,0.310465449,0.799221457,0.042375197,-0.702639787,1.475125862,Rainfed,Estaca,-0.276525397
0,1.045849693,0.310465449,0.830201897,0.60192482,-0.702639787,0.580256651,Rainfed,Estaca,-0.200876701
0,1.555436094,0.310465449,0.799221457,0.042375197,-0.702639787,0.128913453,Rainfed,Estaca,-0.256885832
0,1.189170868,0.310465449,0.822456787,0.322150009,-0.702639787,0.695960882,Rainfed,Estaca,-0.192148005
0,1.189170868,0.310465449,0.822456787,0.322150009,-0.702639787,0.486157256,Rainfed,Estaca,-0.249611919
0,1.045849693,0.310465449,0.830201897,0.60192482,-0.702639787,0.217961091,Rainfed,Estaca,-0.241610614
0,1.300642893,0.081338574,0.872800001,0.042375197,-0.702639787,0.221173339,Rainfed,Estaca,-0.228517571
0,0.488489567,0.310465449,0.373240415,0.60192482,-0.702639787,0.060025794,Rainfed,Estaca,-0.140503222
0,1.029925118,0.081338574,0.632701595,0.182262603,-0.702639787,0.605361944,Rainfed,Estaca,-0.220516266
0,0.488489567,0.310465449,0.373240415,0.60192482,-0.702639787,0.105226155,Rainfed,Estaca,-0.159415396
0,1.396190343,-1.064295801,1.589222664,-0.377287021,-0.702639787,-0.505635637,Rainfed,Estaca,-0.266341919
0,1.619134394,-1.064295801,1.639565878,-0.796949238,-0.702639787,-0.444800126,Irrigated,Estaca,-0.095404961
0,0.775131918,-0.835168926,1.418830247,0.462037414,-0.702639787,-0.628473636,Rainfed,Vivero,0.385400695
0,1.396190343,-0.835168926,1.596967774,-0.377287021,-0.702639787,-1.462556337,Irrigated,Vivero,-0.221243658
0,1.157321718,-1.064295801,1.585350109,0.042375197,-0.702639787,-0.841241417,Irrigated,Estaca,-0.151414092
0,1.205095443,-1.064295801,1.527261785,-0.237399615,-0.702639787,-0.270770861,Irrigated,Vivero,-0.03939583
0,1.236944593,-0.835168926,1.732507196,-0.097512209,-0.702639787,0.096944707,Rainfed,Estaca,-0.078674961
1,0.806981068,-0.376915176,1.364614478,0.741812226,-0.702639787,-1.353080645,Irrigated,Vivero,0.007157214
1,0.584037017,-0.376915176,1.333634038,1.301361849,-2.750257974,2.024458748,Rainfed,Vivero,-0.173963222
0,0.759207343,-0.147788301,1.411085137,1.021587038,-0.702639787,2.862227059,Rainfed,Vivero,-0.283071919
0,0.456640417,-0.147788301,1.325888928,1.301361849,-0.702639787,2.024769511,Rainfed,Vivero,-0.257613223
0,0.584037017,-0.376915176,1.333634038,1.301361849,-2.750257974,1.674826448,Rainfed,Vivero,-0.17832757
0,0.584037017,-0.376915176,1.333634038,1.301361849,-2.750257974,1.714575316,Rainfed,Vivero,-0.196512353
1,1.014000543,-0.376915176,1.395594917,0.741812226,-0.702639787,2.400175846,Rainfed,Vivero,-0.129592353
0,0.504414142,0.081338574,1.325888928,1.301361849,-0.702639787,1.405036786,Rainfed,Vivero,-0.045214961
1,1.284718318,-0.376915176,1.380104697,0.182262603,-0.702639787,1.363988462,Rainfed,Estaca,-0.182037266
1,0.265545517,-0.147788301,1.25618294,1.441249255,-0.702639787,-0.358676712,Rainfed,Vivero,-0.187056266
0,0.058526042,-1.064295801,1.023829644,0.182262603,-0.702639787,0.065671502,Rainfed,Vivero,-0.085221483
1,-3.285634713,1.456099824,-5.327160448,-2.195823296,1.344978399,-1.48483488,Irrigated,Vivero,-0.261977571
0,-3.285634713,1.456099824,-5.381376217,-2.335710702,1.344978399,-1.407777875,Rainfed,Vivero,-0.26706931
0,-1.486157735,-1.064295801,-1.377154416,-1.776161079,1.344978399,1.533829966,Irrigated,Vivero,0.069712867
1,-2.043517861,-0.606042051,-1.845733563,-1.776161079,1.344978399,1.827472696,Irrigated,Vivero,0.216645911
0,0.265545517,-0.606042051,-0.552300215,-2.615485514,1.344978399,2.660642325,Rainfed,Estaca,-0.218334092
1,-2.680500862,0.310465449,-3.019117708,-1.216611456,1.344978399,-0.88913263,Irrigated,Vivero,-0.229972353
1,-2.409783087,0.539592324,-2.585391555,-1.216611456,1.344978399,-1.302394227,Irrigated,Vivero,-0.248884527
0,-2.473481387,0.310465449,-2.457597242,-1.07672405,1.344978399,-1.240411299,Irrigated,Vivero,-0.273615832
0,-2.123140736,0.081338574,-2.109067298,-1.07672405,1.344978399,-1.286260153,Irrigated,Vivero,-0.275798006
0,0.265545517,-0.606042051,-0.552300215,-2.615485514,1.344978399,1.819046928,Rainfed,Estaca,-0.24452018
1,-2.425707662,0.310465449,-2.519558121,-0.936836644,1.344978399,1.813965702,Irrigated,Vivero,-0.230845223
0,-0.482909509,0.310465449,-0.482594226,-0.237399615,1.344978399,-1.324399709,Irrigated,Estaca,0.029706344
0,-0.323663759,0.081338574,-0.536809995,-0.517174426,1.344978399,0.454485103,Rainfed,Estaca,-0.276525397
0,-1.135817085,0.081338574,-0.792398621,0.182262603,1.344978399,-0.557415963,Irrigated,Estaca,-0.275798006
0,-0.80140101,0.081338574,-0.625878758,0.042375197,1.344978399,-1.606092076,Rainfed,Vivero,-0.148504527
0,-0.610306109,-0.147788301,0.578485826,1.441249255,1.344978399,-0.212779726,Rainfed,Vivero,-0.184146701
0,-0.610306109,-0.147788301,0.578485826,1.441249255,-0.702639787,0.599520416,Rainfed,Estaca,-0.263068658
0,-0.610306109,-0.147788301,0.578485826,1.441249255,-0.702639787,-0.364957593,Rainfed,Estaca,-0.241610614
0,-0.578456959,0.081338574,0.284171651,1.021587038,-0.702639787,-0.445296858,Rainfed,Estaca,-0.240883223
0,-0.578456959,0.081338574,0.284171651,1.021587038,-0.702639787,-0.310087993,Rainfed,Estaca,-0.269978875
0,-1.02434506,0.310465449,-0.002397414,1.161474443,-0.702639787,0.10653934,Irrigated,Estaca,0.625439828
0,-0.86509931,0.081338574,0.319024646,1.301361849,-0.702639787,0.52357998,Irrigated,Estaca,0.963676787
0,-1.24728911,0.310465449,-0.110828952,1.161474443,-0.702639787,0.317042928,Irrigated,Estaca,6.352919006
0,-1.27913826,0.310465449,-0.215387935,1.161474443,-0.702639787,-0.114648384,Irrigated,Estaca,0.170820259
0,-1.31098741,0.310465449,-0.103083842,1.161474443,-0.702639787,0.084906566,Irrigated,Estaca,0.551245914
0,0.584037017,-1.064295801,1.190349506,0.042375197,-0.702639787,2.390239414,Irrigated,Estaca,-0.152868874
0,0.520338717,-0.835168926,1.159369066,0.182262603,-0.702639787,-0.226732445,Irrigated,Estaca,0.119175476
0,0.169998067,-0.835168926,1.078045413,0.741812226,-0.702639787,-0.803982419,Irrigated,Estaca,-0.248157136
0,0.791056493,-1.064295801,1.097408187,-0.377287021,-0.702639787,0.494115855,Irrigated,Estaca,0.020250257
0,-0.084795134,-0.376915176,1.004466869,1.021587038,-0.702639787,-0.332126388,Rainfed,Estaca,-0.062672352
0,0.568112442,-1.064295801,1.20971228,-0.097512209,-0.702639787,-0.545722619,Rainfed,Estaca,0.479234174
1,-0.052945984,-0.376915176,1.147751401,1.021587038,-0.702639787,0.524316486,Rainfed,Vivero,0.136632867
1,0.599961592,-1.064295801,1.213584835,0.042375197,-0.702639787,-0.21855544,Rainfed,Estaca,1.102608527
1,0.775131918,-1.064295801,1.170986731,-0.377287021,-0.702639787,-0.160695835,Irrigated,Estaca,0.335938086
0,-0.530683234,0.768719199,-0.924065488,-0.097512209,1.344978399,0.725970236,Rainfed,Estaca,-0.282344528
0,-0.164418009,1.226972949,-1.183526669,-0.377287021,1.344978399,-0.809146899,Rainfed,Estaca,-0.129592353
0,-0.419211209,0.997846074,-1.245487548,-0.237399615,1.344978399,-1.015823493,Irrigated,Estaca,-0.248884527
0,-0.514758659,1.226972949,-1.338428866,-0.237399615,1.344978399,-0.348933902,Irrigated,Estaca,0.008611996
0,0.010752317,0.539592324,-0.695584747,-0.377287021,1.344978399,1.174144574,Rainfed,Estaca,-0.259068006
0,-0.817325585,0.997846074,-1.140928565,-0.097512209,-0.702639787,0.103434946,Rainfed,Estaca,-0.165234527
0,-0.817325585,0.997846074,-1.140928565,-0.097512209,-0.702639787,0.48858888,Rainfed,Estaca,-0.167416701
0,-0.976571335,0.997846074,-1.264850322,-0.097512209,1.344978399,-0.246650856,Rainfed,Estaca,0.034798084
0,-0.944722185,0.997846074,-1.214507108,-0.097512209,1.344978399,-0.761476419,Rainfed,Estaca,-0.167416701
0,-0.944722185,0.997846074,-1.214507108,-0.097512209,1.344978399,-0.303800276,Rainfed,Estaca,-0.040850613
0,-0.944722185,0.997846074,-1.214507108,-0.097512209,1.344978399,-0.66905471,Rainfed,Estaca,-0.055398439
0,-0.371437484,0.997846074,-0.931810598,-0.097512209,1.344978399,-0.955010018,Rainfed,Estaca,-0.193239092
0,-0.371437484,0.997846074,-0.931810598,-0.097512209,1.344978399,-0.78942525,Rainfed,Estaca,-0.17250844
0,-0.180342584,0.768719199,-0.749800516,-0.237399615,1.344978399,-1.512794207,Rainfed,Estaca,-0.235791484
0,0.154073492,0.539592324,-0.784653511,-0.517174426,1.344978399,0.049166648,Rainfed,Vivero,-0.221243658
0,-0.514758659,1.226972949,-1.338428866,-0.237399615,-0.702639787,1.984591107,Rainfed,Vivero,-0.237246266
0,0.201847217,0.539592324,-0.571662989,-0.517174426,1.344978399,0.579069364,Rainfed,Vivero,-0.174690614
0,0.950302243,0.310465449,-0.401270572,-1.216611456,1.344978399,0.483469558,Rainfed,Vivero,-0.108498005
0,0.950302243,0.310465449,-0.401270572,-1.216611456,1.344978399,0.224100178,Rainfed,Vivero,0.461776783
0,-0.92879761,-0.376915176,-1.303575872,-1.636273673,1.344978399,2.190944316,Rainfed,Estaca,-0.236518875
1,-1.43838401,-0.606042051,-1.745047134,-2.195823296,1.344978399,0.874823815,Rainfed,Estaca,-0.279434962
0,-0.275890034,0.310465449,-0.362545023,-0.237399615,1.344978399,0.315694668,Irrigated,Estaca,-0.275070615
0,-0.275890034,0.310465449,-0.362545023,-0.237399615,1.344978399,0.131754971,Irrigated,Vivero,-0.277252789
0,-0.275890034,0.310465449,-0.362545023,-0.237399615,1.344978399,-0.743542442,Irrigated,Estaca,-0.27798018
0,-0.116644284,0.310465449,-0.281221369,-0.377287021,1.344978399,-0.860506133,Irrigated,Vivero,-0.252521484
0,-0.721778134,0.310465449,-0.366417578,0.182262603,1.344978399,-1.606092076,Irrigated,Vivero,-0.168144092
0,-0.721778134,0.310465449,-0.409015682,0.182262603,1.344978399,-1.606092076,Irrigated,Vivero,-0.219061484
0,-0.721778134,0.310465449,-0.366417578,0.182262603,1.344978399,-1.597574013,Irrigated,Vivero,-0.109225396
0,-0.721778134,0.310465449,-0.409015682,0.182262603,1.344978399,-1.606092076,Irrigated,Vivero,-0.209605397
0,-0.116644284,0.310465449,-0.281221369,-0.377287021,1.344978399,1.379000974,Rainfed,Estaca,-0.224153223
0,-0.116644284,0.310465449,-0.281221369,-0.377287021,1.344978399,-0.528160019,Rainfed,Estaca,-0.253976267
0,0.345168392,0.081338574,-0.428378457,-0.796949238,1.344978399,-0.416688689,Irrigated,Estaca,0.574522436
0,-0.403286634,0.081338574,-0.451613786,-0.097512209,1.344978399,-1.606092076,Irrigated,Estaca,-0.275070615
0,-0.626230684,0.997846074,-0.699457302,0.462037414,-0.702639787,-0.167296331,Rainfed,Estaca,-0.062672352
0,0.679584467,0.997846074,-0.269603704,0.042375197,-0.702639787,0.531777878,Rainfed,Estaca,-0.168144092
0,0.424791267,0.997846074,-0.529064885,0.322150009,-0.702639787,1.223141837,Rainfed,Estaca,-0.253976267
0,-0.753627284,-2.209930176,0.094416459,-1.216611456,-0.702639787,-0.704353776,Irrigated,Estaca,-0.261977571
1,-1.231364535,-1.980803301,-0.017887634,-0.796949238,1.344978399,-1.291213423,Irrigated,Estaca,-0.281107963
